orden_cronologico,id_documento,archivo,titulo,tipo_documento,rol_expediente,nivel_decisorio,fecha_documento,fecha_orden,fecha_precision,fecha_fuente,fecha_caveat,emisor,actor_tipo,paginas_pdf,paginas_texto_nativo,paginas_ocr,paginas_texto_sustantivo,paginas_bajo_texto,metodo_extraccion,estado_cobertura,etapa_expediente,responde_a,respondido_por,temas_principales,funcion_en_evaluacion,resultado_o_efecto,candidatos_compromiso_detectados,observaciones_trazabilidad
1,DOC001,Declaracion-Viabilidad-Ambiental-de-Localizacion-CCP-Eleanor-Applications-S.R.L..pdf,Declaración de Viabilidad Ambiental de Localización / Certificado de Clasificación,VAL / clasificación,antecedente de localización y clasificación ambiental,antecedente administrativo,2020-10-28,2020-10-28,día,"Informe-Final.pdf, p.1; el archivo contiene firma 29/10/2020",El Informe Final consigna 28/10/2020; el PDF contiene firma 29/10/2020.,DINACEA / Ministerio de Ambiente,autoridad ambiental,2,0,2,2,0,OCR,revisado integralmente,Viabilidad ambiental de localización,,,localización; clasificación; aire; efluentes; ruido,Define la viabilidad ambiental de localización y la clasificación inicial del proyecto.,Antecedente habilitante para la posterior tramitación de AAP.,4,El Informe Final indica emisión el 28/10/2020; el PDF visible registra firma el 29/10/2020.
2,DOC002,DP-Teros-24102023.pdf,Documento de Proyecto — Proyecto Teros,Documento de Proyecto,documento técnico base del proyecto,documentación presentada por proponente,2023-10,2023-10-24,mes,"DP-Teros-24102023.pdf, portada, p.1-2","La portada indica octubre de 2023; 24/10/2023 se toma del nombre del archivo, no de una fecha expresa en portada.",Eleanor Applications S.R.L. / Estudio Ingeniería Ambiental,proponente / consultor,180,173,0,171,9,texto nativo + revisión de páginas con bajo texto,revisado integralmente,Solicitud de Autorización Ambiental Previa,,"SIC 01, SIC 02, SIC 03, SIC 04",proyecto; energía; refrigeración; agua; generadores; combustibles; residuos; efluentes; emisiones; tránsito,"Describe diseño, componentes, consumos, generación de residuos/emisiones y operación del Proyecto Teros.",Base técnica sobre la que DINACEA formula requerimientos complementarios.,79,La portada indica Octubre 2023.
3,DOC003,EsIA-Teros-24102023.pdf,Estudio de Impacto Ambiental — Proyecto Teros,EsIA,estudio de impacto ambiental base,documentación presentada por proponente,2023-10,2023-10-24,mes,"EsIA-Teros-24102023.pdf, portada, p.1-2",La portada indica octubre de 2023; 24/10/2023 se toma del nombre del archivo.,Eleanor Applications S.R.L. / Estudio Ingeniería Ambiental,proponente / consultor,406,400,0,387,19,texto nativo + revisión de páginas con bajo texto,revisado integralmente,Solicitud de Autorización Ambiental Previa,,"SIC 01, SIC 02, SIC 03, SIC 04",impactos; aire; ruido; agua; residuos; medio receptor; social; mitigación,"Identifica y evalúa impactos, receptores, significancia y medidas de gestión/mitigación.",Base ambiental principal de la SAAP y de las observaciones posteriores.,10,La portada indica Octubre 2023.
4,DOC004,Plan-de-Gestion-Ambiental-de-Construccion.pdf,Plan de Gestión Ambiental de Construcción,PGAC,plan de gestión de construcción,plan de gestión incorporado por referencia,2023-10-27,2023-10-27,firma,"Plan-de-Gestion-Ambiental-de-Construccion.pdf, p.1-2 (firma 27/10/2023)",Fecha basada en firma visible del documento.,Eleanor Applications S.R.L.,proponente,50,0,50,50,0,OCR,revisado integralmente,SAAP / gestión de construcción,,"Resolución Ministerial 644/2024, condición 1.c",construcción; residuos; efluentes; ruido; polvo; derrames; incendios; tránsito,"Organiza medidas de control ambiental durante obra: residuos, efluentes, tránsito, ruido, polvo, derrames y contingencias.",La resolución exige su actualización y aprobación antes de iniciar la construcción.,118,La Resolución exige actualización y aprobación previa a construcción.
5,DOC005,Plan-de-Gestion-de-Residuos.pdf,Plan de Gestión de Residuos,PGR,plan de gestión de residuos,plan aprobado / incorporado por referencia,2023-10-27,2023-10-27,firma,"Plan-de-Gestion-de-Residuos.pdf, p.1-2 (firma 27/10/2023)",Fecha basada en firma visible del documento.,Eleanor Applications S.R.L.,proponente,29,0,29,29,0,OCR,revisado integralmente,SAAP / gestión de residuos,,"Resolución Ministerial 644/2024, numeral 3",residuos; residuos especiales; e-waste; aceites; gestión,Define corrientes de residuos y criterios de manejo durante construcción/operación.,"El PGR es aprobado por la Resolución 644/2024, sujeto a los compromisos de la tramitación.",19,"El plan fue aprobado por la Resolución, sujeto a compromisos de la tramitación."
6,DOC006,Solicitud-de-Informacion-Complementaria-01.pdf,Solicitud de Información Complementaria 01,SIC,primer requerimiento de información complementaria,requerimiento técnico de DINACEA,2023-11-09,2023-11-09,día,"Solicitud-de-Informacion-Complementaria-01.pdf, p.1",Fecha expresa del documento.,"Área Evaluación de Impacto Ambiental, DINACEA",autoridad ambiental,1,1,0,1,0,texto nativo,revisado integralmente,Evaluación SAAP,DP + EsIA,Respuesta-a-SIC-01.pdf,energía; UTE; eficiencia energética; motores de respaldo; documentación,"Solicita información adicional sobre energía, UTE, eficiencia y motores de respaldo.",Origina Respuesta SIC 01 y una posterior reiteración sobre eficiencia específica de Teros.,2,Primera ronda de información complementaria.
7,DOC007,Solicitud-de-Informacion-Complementaria-02.pdf,Solicitud de Información Complementaria 02,SIC,segundo requerimiento de información complementaria,requerimiento técnico de DINACEA,2023-11-24,2023-11-24,día,"Solicitud-de-Informacion-Complementaria-02.pdf, p.1",Fecha expresa del documento.,"Área Evaluación de Impacto Ambiental, DINACEA",autoridad ambiental,3,3,0,3,0,texto nativo,revisado integralmente,Evaluación SAAP,DP + EsIA,Respuestas-SIC-02-y-SIC-03.pdf,aire; receptores; meteorología; apagones; baterías; plan de acción; ruido baja frecuencia; efluentes,"Amplía la evaluación sobre aire, receptores, meteorología, cortes eléctricos, baterías, ruido de baja frecuencia y efluentes.",Origina respuestas técnicas extensas y deja temas que luego son reiterados en SIC 04.,3,"Incluye subrequerimientos 1.a–1.f, ruido y efluentes."
8,DOC008,Respuesta-a-SIC-01.pdf,Respuesta a SIC 01,Respuesta SIC,respuesta del proponente a SIC 01,respuesta técnica del proponente,2023-12-07,2023-12-07,firma,"Respuesta-a-SIC-01.pdf, p.1-5 (firma 07/12/2023)",Fecha basada en firma del documento.,Eleanor Applications S.R.L. / Estudio Ingeniería Ambiental,proponente / consultor,5,0,5,4,1,OCR,revisado integralmente,Evaluación SAAP,SIC 01,SIC 03,consumo máximo; UTE; PUE; eficiencia; motores de respaldo,"Responde sobre consumo eléctrico, suministro UTE, PUE y documentación de generadores.",La respuesta sobre eficiencia no resulta suficientemente específica para el proyecto y conduce a SIC 03.,1,Documento escaneado; la respuesta energética fue luego considerada insuficientemente específica para Teros.
9,DOC009,Solicitud-de-Informacion-Complementaria-03.pdf,Solicitud de Información Complementaria 03,SIC,tercer requerimiento de información complementaria,requerimiento técnico de DINACEA,2023-12-20,2023-12-20,día,"Solicitud-de-Informacion-Complementaria-03.pdf, p.1",Fecha expresa del documento.,"Área Evaluación de Impacto Ambiental, DINACEA",autoridad ambiental,1,1,0,1,0,texto nativo,revisado integralmente,Evaluación SAAP,Respuesta a SIC 01,Respuestas-SIC-02-y-SIC-03.pdf,PUE; eficiencia energética; buenas prácticas de diseño y operación,Reitera la necesidad de información de eficiencia y PUE específica del Proyecto Teros.,Origina la respuesta específica sobre medidas de eficiencia y rango de PUE previsto.,0,"Reitera la necesidad de información específica del proyecto, no del promedio corporativo."
10,DOC010,Respuestas-SIC-02-y-SIC-03.pdf,Respuestas a SIC 02 y SIC 03,Respuesta SIC,respuesta consolidada a SIC 02 y SIC 03,respuesta técnica del proponente,2024-01-18,2024-01-18,día,"Respuestas-SIC-02-y-SIC-03.pdf, p.1",Documento fechado 18/01/2024; el Informe Final registra recepción el 19/01/2024.,Eleanor Applications S.R.L. / Estudio Ingeniería Ambiental,proponente / consultor,110,104,0,89,21,texto nativo + revisión de páginas con bajo texto,revisado integralmente,Evaluación SAAP,SIC 02; SIC 03,SIC 04 / Informe Final,aire; riesgo NO2; ruido; efluentes; generadores; energía; PUE; refrigeración,"Aporta modelaciones y precisiones sobre aire, NO2, apagones, ruido, efluentes, generadores, energía, PUE y refrigeración.",Resuelve múltiples requerimientos; la exclusión inicial de Parque de las Ciencias como receptor es luego objetada en SIC 04.,27,El Informe Final registra recepción el 19/01/2024.
11,DOC011,Solicitud-de-informacion-complementaria-04-e-IAR.pdf,Solicitud de Información Complementaria 04 e IAR,SIC + requerimiento IAR,cuarto requerimiento + solicitud de IAR,requerimiento técnico y de participación,2024-02-09,2024-02-09,día,"Solicitud-de-informacion-complementaria-04-e-IAR.pdf, p.1",Fecha expresa del documento.,"Área Evaluación de Impacto Ambiental, DINACEA",autoridad ambiental,2,2,0,2,0,texto nativo,revisado integralmente,Evaluación SAAP / previo a manifiesto,Respuesta SIC 02,Respuesta-SIC-04-V2.pdf; Informe-Ambiental-Resumen.pdf; Ficha-IAR.pdf,aire; Parque de las Ciencias; IAR; participación pública,Reitera inclusión de Parque de las Ciencias como receptor y requiere IAR/Ficha IAR para participación pública.,Conduce a nueva modelación y a la presentación del IAR y la Ficha IAR.,5,Reitera inclusión de PDLC como receptor y exige IAR.
12,DOC012,Respuesta-SIC-04-V2.pdf,Respuesta a SIC 04,Respuesta SIC,respuesta del proponente a SIC 04,respuesta técnica del proponente,2024-02-19,2024-02-19,día,"Respuesta-SIC-04-V2.pdf, p.1-2",Fecha expresa del documento.,Eleanor Applications S.R.L. / Estudio Ingeniería Ambiental,proponente / consultor,53,52,0,44,9,texto nativo + revisión de páginas con bajo texto,revisado integralmente,Evaluación SAAP / previo a manifiesto,SIC 04,Informe Final,modelación aire; operación normal; emergencia; riesgo; PDLC,Amplía la modelación de aire incorporando receptores dentro de Parque de las Ciencias.,Atiende la reiteración de DINACEA y alimenta la evaluación final.,10,Incluye modelaciones con receptores dentro de Parque de las Ciencias.
13,DOC013,Informe-Ambiental-Resumen.pdf,Informe Ambiental Resumen — Proyecto Teros,IAR,informe ambiental resumen para manifiesto,documento de participación pública,2024-02,2024-02-19,mes,"Informe-Ambiental-Resumen.pdf, portada, p.1-2",La portada indica febrero de 2024; el Informe Final registra presentación el 19/02/2024.,Eleanor Applications S.R.L.,proponente,104,100,0,102,2,texto nativo + revisión de páginas con bajo texto,revisado integralmente,Manifiesto público,SIC 04,Informe Final,resumen ambiental; proyecto; impactos; mitigación; participación,"Consolida la descripción del proyecto, impactos y medidas para la instancia de manifiesto público.",Documento de divulgación ambiental utilizado en la etapa de participación pública.,0,La portada indica Febrero 2024.
14,DOC014,Ficha-IAR.pdf,Ficha IAR — Proyecto Teros,Ficha pública IAR,ficha sintética del IAR,documento de participación pública,2024-02,2024-02-19,mes,"Ficha-IAR.pdf, p.1-2; vinculada a entrega IAR de febrero 2024",Vinculada a la entrega del IAR en febrero de 2024; no se toma una fecha autónoma distinta.,Eleanor Applications S.R.L.,proponente,2,2,0,2,0,texto nativo,revisado integralmente,Manifiesto público,"SIC 04, Anexo Ficha IAR",,ubicación; descripción; plazos; empleo; efectos; mitigación; contingencias,"Resume ubicación, características, efectos, mitigación y contingencias en formato breve.",Complementa el IAR para divulgación pública.,4,Ficha de divulgación pública de dos carillas.
15,DOC015,Informe-Final.pdf,"Informe Final — Evaluación de Impacto Ambiental, Proyecto Teros",Informe técnico de evaluación,informe técnico final de evaluación,evaluación técnica final de DINACEA,2024-04-30,2024-04-30,día,"Informe-Final.pdf, p.1",Fecha expresa del documento.,"Área Evaluación de Impacto Ambiental, DINACEA",autoridad ambiental,33,33,0,33,0,texto nativo,revisado integralmente,Cierre de evaluación técnica,Expediente SAAP completo,Resolución Ministerial 644/2024,evaluación; impactos; aire; ruido; agua; energía; GEI; residuos; participación; condiciones,"Sintetiza el expediente, evalúa impactos y respuestas, y formula condiciones/recomendaciones para la decisión.",Fundamento técnico inmediato de la Resolución Ministerial 644/2024.,56,Documento clave para reconstruir cronología y evaluación final de DINACEA.
16,DOC016,Resolucion-Ministerial-644-2024.pdf,Resolución Ministerial 644/2024,Resolución / AAP + emisiones al aire + PGR,decisión ambiental final,acto administrativo final,2024-06-06,2024-06-06,firma,"Resolucion-Ministerial-644-2024.pdf, p.3-7 (firma 06/06/2024)",Fecha de firma de la Resolución.,Ministerio de Ambiente,Ministerio de Ambiente,8,0,8,7,1,OCR,revisado integralmente,Decisión ambiental,Informe Final / SAAP,,AAP; condiciones; emisiones al aire; residuos; AAO; PUE; ruido; aire; monitoreo; comunidad,"Otorga AAP y autorización de emisiones al aire, aprueba el PGR e impone condiciones para construcción, operación y AAO.",Decisión vinculante del expediente ambiental disponible.,5,"Concede AAP y Autorización de Emisiones al Aire y aprueba el PGR, con condiciones."
