id_dato,tema,subtema,variable,valor_texto,valor_numerico,valor_min,valor_max,operador,unidad,fase_escenario,receptor_localizacion,version_documental,estado_version,id_documento,fuente_documento,pagina_pdf,seccion_tabla,actor_fuente,tipo_evidencia,estado_verificacion,contexto,relacion_cambio,caveat
DAT001,energía,demanda,Consumo máximo anual proyectado,<560,560,,,<,GWh/año,desarrollo máximo,,tramitación complementaria,vigente/usable con caveat según fila,DOC008,Respuesta-a-SIC-01.pdf,1-2,Respuesta a SIC 01,Eleanor Applications S.R.L.,dato declarado,verificado,El proponente informa consumo máximo anual al desarrollo máximo.,,No confundir con el acuerdo inicial de suministro ni con potencia máxima.
DAT002,energía,suministro eléctrico,Acuerdo inicial de suministro con UTE,hasta 420,420,,,<=,GWh/año,etapa inicial,,tramitación complementaria,vigente/usable con caveat según fila,DOC008,Respuesta-a-SIC-01.pdf,1-2,Respuesta a SIC 01,Eleanor Applications S.R.L.,dato declarado,verificado,La respuesta distingue este acuerdo inicial del consumo máximo al desarrollo máximo.,,"Es un volumen anual de energía, no potencia."
DAT003,energía,suministro eléctrico,Potencia máxima informada por UTE,48,48,,,=,MW,suministro previsto,,tramitación complementaria,vigente/usable con caveat según fila,DOC008,Respuesta-a-SIC-01.pdf,5,Nota de UTE adjunta,UTE,dato de tercero,verificado,UTE informa una demanda máxima con curva plana.,,Magnitud distinta de GWh/año; no comparar directamente sin factor de carga.
DAT004,energía,eficiencia,PUE corporativo promedio 2022,1.10,1.1,,,=,adimensional,referencia corporativa 2022,,tramitación complementaria,vigente/usable con caveat según fila,DOC008,Respuesta-a-SIC-01.pdf,1-2,Respuesta a SIC 01,Eleanor Applications S.R.L.,dato corporativo,verificado con caveat,PUE citado inicialmente como desempeño corporativo.,,No es PUE específico del Proyecto Teros; DINACEA pidió posteriormente información específica.
DAT005,energía,eficiencia,PUE previsto para Teros,1.12-1.35,,1.12,1.35,rango,adimensional,operación prevista,,tramitación complementaria,vigente/usable con caveat según fila,DOC010,Respuestas-SIC-02-y-SIC-03.pdf,107-108,Respuesta a SIC 03,Eleanor Applications S.R.L.,proyección de diseño,verificado,Rango previsto presentado al responder sobre eficiencia específica del proyecto.,,Es una previsión; la Resolución exige medición posterior del PUE.
DAT006,energía,eficiencia,Eficiencia mínima VFD,96,96,,,≥,%,diseño/operación,,tramitación complementaria,vigente/usable con caveat según fila,DOC010,Respuestas-SIC-02-y-SIC-03.pdf,107-108,Respuesta a SIC 03,Eleanor Applications S.R.L.,especificación prevista,verificado,Se incluye entre las buenas prácticas de eficiencia energética.,,La fuente lo presenta como característica prevista.
DAT007,energía,eficiencia,Eficiencia prevista de transformadores primarios/secundarios,99,99,,,=,%,diseño/operación,,tramitación complementaria,vigente/usable con caveat según fila,DOC010,Respuestas-SIC-02-y-SIC-03.pdf,107-108,Respuesta a SIC 03,Eleanor Applications S.R.L.,especificación prevista,verificado,Eficiencia de transformadores incluida en respuesta sobre buenas prácticas.,,La fuente lo presenta como valor previsto.
DAT008,energía,eficiencia,Eficiencia prevista de transformadores de distribución,98,98,,,=,%,diseño/operación,,tramitación complementaria,vigente/usable con caveat según fila,DOC010,Respuestas-SIC-02-y-SIC-03.pdf,107-108,Respuesta a SIC 03,Eleanor Applications S.R.L.,especificación prevista,verificado,Eficiencia de distribución incluida en respuesta sobre buenas prácticas.,,La fuente lo presenta como valor previsto.
DAT009,refrigeración,tecnología,Sistema de refrigeración indicado en respuesta de eficiencia,chillers enfriados por aire,,,,,categórico,diseño/operación,,tramitación complementaria,vigente/usable con caveat según fila,DOC010,Respuestas-SIC-02-y-SIC-03.pdf,107-108,Respuesta a SIC 03,Eleanor Applications S.R.L.,descripción técnica,verificado,La respuesta menciona chillers enfriados por aire entre las medidas específicas de Teros.,,Este registro no cuantifica consumo de agua ni WUE.
DAT010,refrigeración,eficiencia,Uso de free cooling,sí,,,,,booleano,diseño/operación,,tramitación complementaria,vigente/usable con caveat según fila,DOC010,Respuestas-SIC-02-y-SIC-03.pdf,107-108,Respuesta a SIC 03,Eleanor Applications S.R.L.,descripción técnica,verificado,Free cooling citado como práctica de eficiencia.,,No se consigna en la evidencia recuperada un porcentaje anual de utilización.
DAT011,generadores,arranque,Tiempo de arranque de generadores de respaldo,3,3,,,=,s,evento de pérdida de UTE,,tramitación complementaria,vigente/usable con caveat según fila,DOC010,Respuestas-SIC-02-y-SIC-03.pdf,5,"Respuesta a SIC 02, ítem 1.d",Eleanor Applications S.R.L.,dato operativo,verificado,La respuesta informa arranque de generadores a 3 segundos.,,No equivale al tiempo de transferencia efectiva de carga.
DAT012,baterías,autonomía,Autonomía de baterías a nivel de rack,40,40,,,=,s,evento de pérdida de UTE,,tramitación complementaria,vigente/usable con caveat según fila,DOC010,Respuestas-SIC-02-y-SIC-03.pdf,5,"Respuesta a SIC 02, ítem 1.d",Eleanor Applications S.R.L.,dato operativo,verificado,La capacidad de rack informada sostiene la carga durante 40 segundos.,,Tipo/química de batería no identificada en esta evidencia.
DAT013,generadores,lógica de transferencia,Ventana de retorno de UTE sin transferencia de carga,10,10,,,≤,s,evento breve de red,,tramitación complementaria,vigente/usable con caveat según fila,DOC010,Respuestas-SIC-02-y-SIC-03.pdf,5,"Respuesta a SIC 02, ítem 1.d",Eleanor Applications S.R.L.,dato operativo,verificado,"Si UTE retorna dentro de 10 segundos, la respuesta indica que no se transfiere la carga.",,El generador puede haber arrancado igualmente.
DAT014,generadores,operación sin carga,Tiempo máximo informado de funcionamiento sin carga tras retorno rápido de UTE,5,5,,,≤,min,evento breve de red,,tramitación complementaria,vigente/usable con caveat según fila,DOC010,Respuestas-SIC-02-y-SIC-03.pdf,5,"Respuesta a SIC 02, ítem 1.d",Eleanor Applications S.R.L.,dato operativo,verificado,La respuesta indica funcionamiento del generador hasta 5 minutos sin carga.,,No representa horas anuales de prueba ni operación de emergencia.
DAT015,riesgo,cortes eléctricos,Duración del evento extremo excluido del análisis revisado,65,65,,,=,h,análisis histórico de cortes,,tramitación complementaria,vigente/usable con caveat según fila,DOC010,Respuestas-SIC-02-y-SIC-03.pdf,5,"Respuesta a SIC 02, ítem 1.d",Eleanor Applications S.R.L.,decisión metodológica,verificado con caveat,El proponente mantuvo fuera del análisis un evento de 65 horas por atribuirlo a un ciclón subtropical.,,Es una exclusión metodológica relevante para resiliencia; no es duración prevista de respaldo.
DAT016,aire,modelación,Horario modelado del escenario normal conservador,08:00-18:00,,,,,horario,operación normal / mantenimiento,,tramitación complementaria,vigente/usable con caveat según fila,DOC010,Respuestas-SIC-02-y-SIC-03.pdf,4,"Respuesta a SIC 02, ítem 1.c",Eleanor Applications S.R.L.,supuesto de modelación,verificado,Se simula cada generador todos los días dentro de esa ventana horaria.,,"Es un supuesto de modelación, no necesariamente horario real de pruebas."
DAT017,aire,modelación,Carga de generador usada en escenario normal,100,100,,,=,% de carga,operación normal / mantenimiento,,tramitación complementaria,vigente/usable con caveat según fila,DOC010,Respuestas-SIC-02-y-SIC-03.pdf,4,"Respuesta a SIC 02, ítem 1.c",Eleanor Applications S.R.L.,supuesto de modelación,verificado,La modelación usa 100% de carga como hipótesis conservadora.,,Es un supuesto de modelación.
DAT018,aire,modelación,Años de meteorología considerados,3,3,,,=,años,modelación de dispersión,,tramitación complementaria,vigente/usable con caveat según fila,DOC010,Respuestas-SIC-02-y-SIC-03.pdf,4,"Respuesta a SIC 02, ítem 1.c",Eleanor Applications S.R.L.,parámetro metodológico,verificado,Se modelan tres años de meteorología y se seleccionan máximos por receptor.,,Esta evidencia no identifica aquí los años calendario.
DAT019,aire,NO2 / contingencia,Umbral de NO2 para continuar monitoreo reforzado,200,200,,, >,µg/m3,contingencia,,tramitación complementaria,vigente/usable con caveat según fila,DOC010,Respuestas-SIC-02-y-SIC-03.pdf,6,"Respuesta a SIC 02, ítem 1.f",Eleanor Applications S.R.L.,umbral operativo propuesto,verificado,El árbol de decisión propuesto prevé continuar monitoreo por encima de 200 µg/m3.,,Lineamiento presentado durante evaluación; detalle final queda para AAO.
DAT020,aire,NO2 / contingencia,Umbral de NO2 para alerta y preparación de desconexión,260,260,,, >,µg/m3,contingencia,,tramitación complementaria,vigente/usable con caveat según fila,DOC010,Respuestas-SIC-02-y-SIC-03.pdf,6,"Respuesta a SIC 02, ítem 1.f",Eleanor Applications S.R.L.,umbral operativo propuesto,verificado,Se propone alertar y preparar desconexión por encima de 260 µg/m3 y por debajo de AEGL1.,,La Resolución luego vincula este umbral con acciones hacia la comunidad.
DAT021,aire,NO2 / contingencia,AEGL1 de NO2 usado para activar desconexión,940,940,,, >,µg/m3,contingencia,,tramitación complementaria,vigente/usable con caveat según fila,DOC010,Respuestas-SIC-02-y-SIC-03.pdf,6,"Respuesta a SIC 02, ítem 1.f",Eleanor Applications S.R.L.,umbral operativo propuesto,verificado,La respuesta identifica 940 µg/m3 como AEGL1 y activa desconexión al superarlo.,,Se registra tal como figura en la fuente; no se recalcula externamente.
DAT022,aire,receptores,Inclusión de Parque de las Ciencias como receptor en modelación final,sí,,,,,booleano,"operación normal, emergencia y riesgo",Parque de las Ciencias,tramitación complementaria,vigente/usable con caveat según fila,DOC012,Respuesta-SIC-04-V2.pdf,1,Respuesta a SIC 04,Eleanor Applications S.R.L.,cambio de alcance de modelación,verificado,"Tras reiteración de DINACEA, se incorporan receptores dentro de PDLC pero fuera del predio de Eleanor Applications.",,La SIC anterior había sido respondida inicialmente defendiendo su exclusión.
DAT023,ruido,baja frecuencia,Banda de baja frecuencia modelada,63,63,,,=,Hz,operación normal / énfasis nocturno,receptores sensibles,tramitación complementaria,vigente/usable con caveat según fila,DOC010,Respuestas-SIC-02-y-SIC-03.pdf,7-8,"Respuesta a SIC 02, ítem 2",Eleanor Applications S.R.L.,parámetro de modelación,verificado,Se modela la banda de 63 Hz en cinco receptores.,,La evaluación también incluye 125 Hz.
DAT024,ruido,baja frecuencia,Banda de baja frecuencia modelada,125,125,,,=,Hz,operación normal / énfasis nocturno,receptores sensibles,tramitación complementaria,vigente/usable con caveat según fila,DOC010,Respuestas-SIC-02-y-SIC-03.pdf,7-8,"Respuesta a SIC 02, ítem 2",Eleanor Applications S.R.L.,parámetro de modelación,verificado,Se modela la banda de 125 Hz en cinco receptores.,,La evaluación también incluye 63 Hz.
DAT025,ruido,baja frecuencia,Diferencia LCeq-LAeq que motiva penalización,15,15,,, >,dB,operación normal / nocturno,receptores evaluados,tramitación complementaria,vigente/usable con caveat según fila,DOC010,Respuestas-SIC-02-y-SIC-03.pdf,7-8,"Respuesta a SIC 02, ítem 2",Eleanor Applications S.R.L.,criterio de evaluación,verificado,La respuesta concluye que LCeq-LAeq supera 15 dB.,,"Se registra el umbral citado, no una medición individual por receptor."
DAT026,ruido,baja frecuencia,Penalización aplicada por bajas frecuencias,6,6,,,=,dBA,operación normal / nocturno,receptores evaluados,tramitación complementaria,vigente/usable con caveat según fila,DOC010,Respuestas-SIC-02-y-SIC-03.pdf,7-8,"Respuesta a SIC 02, ítem 2",Eleanor Applications S.R.L.,ajuste de evaluación,verificado,Se aplica penalización de 6 dBA por bajas frecuencias.,,Valor aplicado en la evaluación presentada.
DAT027,ruido,receptor MR2,Incremento nocturno proyectado en MR2,2.1,2.1,,,=,dBA,operación normal / nocturno,MR2,tramitación complementaria,vigente/usable con caveat según fila,DOC010,Respuestas-SIC-02-y-SIC-03.pdf,7-8,"Respuesta a SIC 02, ítem 2",Eleanor Applications S.R.L.,resultado modelado,verificado,Incremento nocturno proyectado informado para MR2.,,"Es un resultado modelado, no una medición post-operación."
DAT028,ruido,receptor MR1,Nivel resultante nocturno en MR1,67.6,67.6,,,=,dBA,operación normal / nocturno,MR1,tramitación complementaria,vigente/usable con caveat según fila,DOC010,Respuestas-SIC-02-y-SIC-03.pdf,7-8,"Respuesta a SIC 02, ítem 2",Eleanor Applications S.R.L.,resultado modelado,verificado,Nivel resultante nocturno reportado para MR1.,,Resultado modelado con la penalización indicada en la respuesta.
DAT029,ruido,receptor MR2,Nivel resultante nocturno en MR2,57.2,57.2,,,=,dBA,operación normal / nocturno,MR2,tramitación complementaria,vigente/usable con caveat según fila,DOC010,Respuestas-SIC-02-y-SIC-03.pdf,7-8,"Respuesta a SIC 02, ítem 2",Eleanor Applications S.R.L.,resultado modelado,verificado,Nivel resultante nocturno reportado para MR2.,,Resultado modelado con la penalización indicada en la respuesta.
DAT030,efluentes,domésticos,Caudal horario de efluentes domésticos del proyecto,~2,2,,,≈,m3/h,operación,PTE Parque de las Ciencias,tramitación complementaria,vigente/usable con caveat según fila,DOC007,Solicitud-de-Informacion-Complementaria-02.pdf,3,"SIC 02, ítem 3",DINACEA,requerimiento / magnitud a demostrar,verificado,DINACEA formula el requerimiento usando aproximadamente 2 m3/h.,,La respuesta desarrolla la capacidad en m3/d.
DAT031,efluentes,domésticos,Caudal diario de efluentes domésticos del proyecto,48,48,,,=,m3/d,operación,PTE Parque de las Ciencias,tramitación complementaria,vigente/usable con caveat según fila,DOC010,Respuestas-SIC-02-y-SIC-03.pdf,9; Anexo I pp.15-16,"Respuesta a SIC 02, ítem 3",Eleanor Applications S.R.L.,dato declarado,verificado,Caudal diario que Teros enviaría a la PTE de Parque de las Ciencias.,,No es consumo total de agua del data center.
DAT032,efluentes,capacidad de tratamiento,Capacidad autorizada de la PTE de Parque de las Ciencias,410,410,,,=,m3/d,operación,PTE Parque de las Ciencias,tramitación complementaria,vigente/usable con caveat según fila,DOC010,Respuestas-SIC-02-y-SIC-03.pdf,9; Anexo I pp.15-16,Nota técnica adjunta,Parque de las Ciencias / proponente,dato de capacidad,verificado,Capacidad total autorizada reportada para la planta receptora.,,"Capacidad de la PTE, no del Proyecto Teros."
DAT033,efluentes,capacidad de tratamiento,Capacidad ocupada de la PTE antes de Teros,331,331,,,=,m3/d,situación previa,PTE Parque de las Ciencias,tramitación complementaria,vigente/usable con caveat según fila,DOC010,Respuestas-SIC-02-y-SIC-03.pdf,9; Anexo I pp.15-16,Nota técnica adjunta,Parque de las Ciencias / proponente,dato de capacidad,verificado,Carga/capacidad ocupada informada antes de incorporar Teros.,,Se registra tal como se presenta en la nota técnica.
DAT034,efluentes,capacidad de tratamiento,Capacidad remanente de la PTE antes de Teros,79,79,,,=,m3/d,situación previa,PTE Parque de las Ciencias,tramitación complementaria,vigente/usable con caveat según fila,DOC010,Respuestas-SIC-02-y-SIC-03.pdf,9; Anexo I pp.15-16,Nota técnica adjunta,Parque de las Ciencias / proponente,dato derivado en fuente,verificado,Remanente informado antes de recibir los efluentes de Teros.,,Corresponde a 410-331 según cifras de la propia fuente.
DAT035,efluentes,capacidad de tratamiento,Capacidad remanente de la PTE después de Teros,31,31,,,=,m3/d,con Teros operando,PTE Parque de las Ciencias,tramitación complementaria,vigente/usable con caveat según fila,DOC010,Respuestas-SIC-02-y-SIC-03.pdf,9; Anexo I pp.15-16,Nota técnica adjunta,Parque de las Ciencias / proponente,dato derivado en fuente,verificado,Remanente informado luego de incorporar 48 m3/d de Teros.,,Corresponde a 79-48 según cifras de la propia fuente.
DAT036,proyecto,etapas,Número de etapas de desarrollo,4,4,,,=,etapas,global,,DP octubre 2023,vigente en expediente,DOC002,DP-Teros-24102023.pdf,18,3.1 Introducción,Eleanor Applications S.R.L.,dato declarado,verificado contra fuente,El edificio de centro de datos se instalará en cuatro etapas.,,
DAT037,proyecto,operación,Régimen operativo previsto,24 h/día; 365 días/año,,,,=,horario,operación,,DP octubre 2023,vigente en expediente,DOC002,DP-Teros-24102023.pdf,18,3.1 Introducción,Eleanor Applications S.R.L.,dato declarado,verificado contra fuente,Funcionamiento ininterrumpido del centro de datos.,,
DAT038,suelo,predio,Superficie total del predio,"32,5",32.5,,,=,ha,global,,DP octubre 2023,vigente en expediente,DOC002,DP-Teros-24102023.pdf,7,1.5 Ubicación y accesos,Eleanor Applications S.R.L.,dato declarado,verificado contra fuente,Superficie indicada para los padrones del proyecto.,"El Informe Final resume 32,2 ha; conservar ambas versiones para trazabilidad.","Existe diferencia de 0,3 ha con el valor resumido por DINACEA en el Informe Final."
DAT039,suelo,predio,Superficie del predio resumida por DINACEA,"32,2",32.2,,,=,ha,operación,,evaluación final 2024,vigente en expediente,DOC015,Informe-Final.pdf,6,2.4.4 Aspectos ambientales — Presencia física,DINACEA,síntesis de autoridad,verificado contra fuente,"DINACEA resume que el emprendimiento ocupará 32,2 ha.","Difiere de 32,5 ha del DP.",
DAT040,suelo,ocupación,Factor de Ocupación del Suelo (FOS),"7,4",7.4,,,=,%,operación,,DP octubre 2023,vigente en expediente,DOC002,DP-Teros-24102023.pdf,24,3.3 Cobertura del suelo,Eleanor Applications S.R.L.,dato declarado,verificado contra fuente,,,
DAT041,suelo,ocupación,Factor de Ocupación de Suelo Verde,"69,3",69.3,,,=,%,operación,,DP octubre 2023,vigente en expediente,DOC002,DP-Teros-24102023.pdf,24,3.3 Cobertura del suelo,Eleanor Applications S.R.L.,dato declarado,verificado contra fuente,,,
DAT042,suelo,impermeabilización,Área impermeabilizada máxima,"27,4",27.4,,,=,%,operación,,evaluación final 2024,vigente en expediente,DOC015,Informe-Final.pdf,6,2.4.4 Aspectos ambientales — Presencia física,DINACEA,síntesis de autoridad,verificado contra fuente,,,
DAT043,proyecto,altura,Altura máxima del emprendimiento,"57,9",57.9,,,=,m s.n.m.,global,,DP octubre 2023,vigente en expediente,DOC002,DP-Teros-24102023.pdf,20,3.2 Descripción de componentes,Eleanor Applications S.R.L.,dato declarado,verificado contra fuente,,,
DAT044,proyecto,estacionamiento,Capacidad mínima de estacionamiento,40,40,,,=,vehículos,operación,,DP octubre 2023,vigente en expediente,DOC002,DP-Teros-24102023.pdf,23,3.2 Infraestructura auxiliar,Eleanor Applications S.R.L.,dato declarado,verificado contra fuente,,,
DAT045,refrigeración,equipamiento,Número total de chillers enfriados por aire,32,32,,,=,equipos,operación,,DP octubre 2023,vigente en expediente,DOC002,DP-Teros-24102023.pdf,20,3.2 Sistema de enfriamiento,Eleanor Applications S.R.L.,dato declarado,verificado contra fuente,,,
DAT046,refrigeración,redundancia,Configuración de chillers por módulo,7+1,,,,=,equipos/módulo,operación,,DP octubre 2023,vigente en expediente,DOC002,DP-Teros-24102023.pdf,20,3.2 Sistema de enfriamiento,Eleanor Applications S.R.L.,dato declarado,verificado contra fuente,,,
DAT047,refrigeración,agua,Tipo de circuito de agua de enfriamiento,circuito cerrado,,,,=,categórico,operación,,DP octubre 2023,vigente en expediente,DOC002,DP-Teros-24102023.pdf,20,3.2 Sistema de enfriamiento,Eleanor Applications S.R.L.,dato declarado,verificado contra fuente,,,
DAT048,agua,fuente,Fuente de agua del proyecto,red de agua potable de Parque de las Ciencias,,,,=,categórico,operación,,DP octubre 2023,vigente en expediente,DOC002,DP-Teros-24102023.pdf,21,3.2 Infraestructura auxiliar — Suministro de agua,Eleanor Applications S.R.L.,dato declarado,verificado contra fuente,,,
DAT049,agua,consumo,Consumo diario de agua a máximo desarrollo,"48,1",48.1,,,=,m3/d,operación máxima,,DP octubre 2023,vigente en expediente,DOC002,DP-Teros-24102023.pdf,47,5.1 Operación normal — Insumos,Eleanor Applications S.R.L.,dato declarado,verificado contra fuente,"Principalmente para cocina, baños y otros usos del personal; la reposición del circuito cerrado se describe como insignificante.",,
DAT050,agua,consumo,Consumo diario de agua asumido por DINACEA,"48,1",48.1,,,=,m3/d,operación,,evaluación final 2024,vigente en expediente,DOC015,Informe-Final.pdf,6,2.4.3 Insumos,DINACEA,síntesis de autoridad,verificado contra fuente,,,
DAT051,agua,comisionamiento,Efluente de comisionamiento etapa 1,840,840,,,=,m3,comisionamiento etapa 1,,DP octubre 2023,vigente en expediente,DOC002,DP-Teros-24102023.pdf,38,4.9 Aguas residuales industriales en comisionamiento,Eleanor Applications S.R.L.,dato declarado,verificado contra fuente,,,
DAT052,agua,comisionamiento,Efluente de comisionamiento por cada etapa 2-4,765,765,,,=,m3/etapa,comisionamiento etapas 2-4,,DP octubre 2023,vigente en expediente,DOC002,DP-Teros-24102023.pdf,38,4.9 Aguas residuales industriales en comisionamiento,Eleanor Applications S.R.L.,dato declarado,verificado contra fuente,,,
DAT053,agua,tratamiento químico,Dosificación Gengard GN7004,50,50,,,=,ppm,comisionamiento,,DP octubre 2023,vigente en expediente,DOC002,DP-Teros-24102023.pdf,38,Tabla 4-6,Eleanor Applications S.R.L.,dato declarado,verificado contra fuente,Inhibidor de incrustaciones.,,
DAT054,agua,tratamiento químico,Dosificación Flogard MS6201,30,30,,,=,ppm,comisionamiento,,DP octubre 2023,vigente en expediente,DOC002,DP-Teros-24102023.pdf,38,Tabla 4-6,Eleanor Applications S.R.L.,dato declarado,verificado contra fuente,Inhibidor de corrosión.,,
DAT055,agua,tratamiento químico,Dosificación Spectrus NX1100,50,50,,,=,ppm,comisionamiento,,DP octubre 2023,vigente en expediente,DOC002,DP-Teros-24102023.pdf,38,Tabla 4-6,Eleanor Applications S.R.L.,dato declarado,verificado contra fuente,Biocida / control microbiológico.,,
DAT056,agua,tratamiento químico,Dosificación Spectrus BD1500,5,5,,,=,ppm,comisionamiento,,DP octubre 2023,vigente en expediente,DOC002,DP-Teros-24102023.pdf,38,Tabla 4-6,Eleanor Applications S.R.L.,dato declarado,verificado contra fuente,Biodispersante.,,
DAT057,agua,WUE,WUE reportado para Teros,no identificado,,,,=,,operación,,expediente completo,sin dato cuantificado,,DP-Teros-24102023.pdf; Informe-Final.pdf,"20, 47; 6",Revisión transversal,proponente / DINACEA,vacío de información,verificado contra fuente,,,"El expediente describe consumo de agua y refrigeración, pero no se identificó un indicador WUE verificable."
DAT058,refrigerantes,tipo,Tipo de refrigerante y GWP,no identificado,,,,=,,operación,,DP octubre 2023,sin dato cuantificado,DOC002,DP-Teros-24102023.pdf,47,5.1 Insumos químicos,Eleanor Applications S.R.L.,vacío de información,verificado contra fuente,,,"El DP menciona refrigerantes para chillers/HVAC pero no especifica aquí compuesto, carga ni tasa de fuga."
DAT059,construcción,materiales,Hormigón requerido,18.000,18000,,,=,m3,construcción,,DP octubre 2023,vigente en expediente,DOC002,DP-Teros-24102023.pdf,33,Tabla 4-2,Eleanor Applications S.R.L.,dato declarado,verificado contra fuente,,,
DAT060,construcción,materiales,Sub-base y bases granulares,24.000,24000,,,=,m3,construcción,,DP octubre 2023,vigente en expediente,DOC002,DP-Teros-24102023.pdf,33,Tabla 4-2,Eleanor Applications S.R.L.,dato declarado,verificado contra fuente,,,
DAT061,construcción,materiales,Asfalto,14.000,14000,,,=,m2,construcción,,DP octubre 2023,vigente en expediente,DOC002,DP-Teros-24102023.pdf,33,Tabla 4-2,Eleanor Applications S.R.L.,dato declarado,verificado contra fuente,,,
DAT062,construcción,materiales,Estructuras de acero,2.300,2300,,,=,t,construcción,,DP octubre 2023,vigente en expediente,DOC002,DP-Teros-24102023.pdf,33,Tabla 4-2,Eleanor Applications S.R.L.,dato declarado,verificado contra fuente,,,
DAT063,efluentes,domésticos construcción,Caudal medio de efluentes domésticos en obra,35,35,,,=,m3/d,construcción,,DP octubre 2023,vigente en expediente,DOC002,DP-Teros-24102023.pdf,38,4.9 Aguas residuales asimilables a domésticas,Eleanor Applications S.R.L.,dato declarado,verificado contra fuente,,,
DAT064,efluentes,domésticos construcción,Caudal pico de efluentes domésticos en obra,casi 80,80,,,≈,m3/d,construcción,,DP octubre 2023,vigente en expediente,DOC002,DP-Teros-24102023.pdf,38,4.9 Aguas residuales asimilables a domésticas,Eleanor Applications S.R.L.,dato declarado,verificado contra fuente,,,
DAT065,efluentes,domésticos operación,Caudal horario de efluentes domésticos,~2,2,,,≈,m3/h,operación,,DP octubre 2023,vigente en expediente,DOC002,DP-Teros-24102023.pdf,50,5.2 Aguas residuales,Eleanor Applications S.R.L.,dato declarado,verificado contra fuente,,,
DAT066,efluentes,industriales mantenimiento,Generación máxima en mantenimiento programado,4,4,,,=,m3/d,operación / mantenimiento,,DP octubre 2023,vigente en expediente,DOC002,DP-Teros-24102023.pdf,50,5.2 Aguas residuales industriales,Eleanor Applications S.R.L.,dato declarado,verificado contra fuente,,,
DAT067,efluentes,industriales rotura,Caudal por rotura de circuito,38,38,,,=,L/min,rotura,,DP octubre 2023,vigente en expediente,DOC002,DP-Teros-24102023.pdf,50,5.2 Aguas residuales industriales,Eleanor Applications S.R.L.,dato declarado,verificado contra fuente,,,
DAT068,efluentes,industriales rotura,Duración máxima considerada para rotura,8,8,,,=,h,rotura,,DP octubre 2023,vigente en expediente,DOC002,DP-Teros-24102023.pdf,50,5.2 Aguas residuales industriales,Eleanor Applications S.R.L.,dato declarado,verificado contra fuente,,,
DAT069,efluentes,domésticos operación,Caudal máximo adoptado en evaluación final,48,48,,,=,m3/d,operación,,evaluación final 2024,vigente en expediente,DOC015,Informe-Final.pdf,21,4.2.4 Calidad de agua,DINACEA,síntesis de autoridad,verificado contra fuente,,Consolida el valor usado para demostrar capacidad de la PTE de PDLC.,
DAT070,energía,subestación,Tensión de subestación de UTE,150,150,,,=,kV,operación,,DP octubre 2023,vigente en expediente,DOC002,DP-Teros-24102023.pdf,20,3.2 Subestación eléctrica,Eleanor Applications S.R.L.,dato declarado,verificado contra fuente,,,
DAT071,energía,subestación,Número de circuitos de transmisión previstos,2,2,,,=,circuitos,operación,,DP octubre 2023,vigente en expediente,DOC002,DP-Teros-24102023.pdf,20,3.2 Subestación eléctrica,Eleanor Applications S.R.L.,dato declarado,verificado contra fuente,,,
DAT072,energía,distribución,Tensión de distribución interna,22,22,,,=,kV,operación,,DP octubre 2023,vigente en expediente,DOC002,DP-Teros-24102023.pdf,20,3.2 Subestación eléctrica,Eleanor Applications S.R.L.,dato declarado,verificado contra fuente,,,
DAT073,energía,consumo,Consumo anual adoptado por DINACEA,420,420,,,=,GWh/año,operación máxima,,evaluación final 2024,vigente en expediente,DOC015,Informe-Final.pdf,8,2.4.4 Consumo energético,DINACEA,síntesis de autoridad,verificado contra fuente,,La Respuesta SIC 01 había distinguido acuerdo inicial hasta 420 GWh/año de consumo máximo <560 GWh/año.,
DAT074,energía,PUE,PUE mínimo previsto para Teros,"1,12",1.12,,,=,adimensional,operación máxima,,evaluación final 2024,vigente en expediente,DOC015,Informe-Final.pdf,8,2.4.4 Consumo energético,DINACEA,síntesis de autoridad,verificado contra fuente,,,
DAT075,energía,PUE,PUE máximo previsto para Teros,"1,35",1.35,,,=,adimensional,operación máxima,,evaluación final 2024,vigente en expediente,DOC015,Informe-Final.pdf,8,2.4.4 Consumo energético,DINACEA,síntesis de autoridad,verificado contra fuente,,,
DAT076,energía,PUE,Frecuencia de medición de PUE exigida,anual,,,,=,frecuencia,operación / AAO,,condición final 2024,vigente en expediente,DOC016,Resolucion-Ministerial-644-2024.pdf,5,Numeral 5.a.i,Ministerio de Ambiente,condición vinculante,verificado contra fuente,El PGAO debe incluir procedimientos para medición anual del PUE.,,
DAT077,generadores,cantidad,Número total de generadores modelados,27,27,,,=,equipos,operación,,respuesta SIC enero 2024,vigente en expediente,DOC010,Respuestas-SIC-02-y-SIC-03.pdf,90,"Anexo V, Tabla 3-1",Eleanor Applications S.R.L.,dato declarado,verificado contra fuente,,,
DAT078,generadores,modelo,Modelo seleccionado tras cambio de proveedor,KOHLER KD3500,,,,=,modelo,operación,,respuesta SIC enero 2024,vigente en expediente,DOC010,Respuestas-SIC-02-y-SIC-03.pdf,9,Modificaciones al proyecto,Eleanor Applications S.R.L.,dato declarado,verificado contra fuente,,Sustituye el modelo considerado en la documentación inicial.,
DAT079,generadores,chimenea,Altura de chimeneas del nuevo modelo,"12,2",12.2,,,=,m,operación,,respuesta SIC enero 2024,vigente en expediente,DOC010,Respuestas-SIC-02-y-SIC-03.pdf,2,Respuesta a SIC 02,Eleanor Applications S.R.L.,dato declarado,verificado contra fuente,,,
DAT080,generadores,mantenimiento,Carga de mantenimiento de generadores,75,75,,,=,% de carga,operación normal / mantenimiento,,evaluación final 2024,vigente en expediente,DOC015,Informe-Final.pdf,17,4.2.2 Ruido / mantenimiento,DINACEA,síntesis de autoridad,verificado contra fuente,,,
DAT081,generadores,mantenimiento,Duración mensual para generadores de 2.750 kW,45,45,,,=,min/mes,operación normal / mantenimiento,,evaluación final 2024,vigente en expediente,DOC015,Informe-Final.pdf,17,4.2.2 Ruido / mantenimiento,DINACEA,síntesis de autoridad,verificado contra fuente,,,
DAT082,generadores,mantenimiento,Duración mensual para generadores de 1.000 kW,30,30,,,=,min/mes,operación normal / mantenimiento,,evaluación final 2024,vigente en expediente,DOC015,Informe-Final.pdf,17,4.2.2 Ruido / mantenimiento,DINACEA,síntesis de autoridad,verificado contra fuente,,,
DAT083,generadores,mantenimiento,Número simultáneo en mantenimiento,1,1,,,=,generador,operación normal / mantenimiento,,evaluación final 2024,vigente en expediente,DOC015,Informe-Final.pdf,17,4.2.2 Ruido / mantenimiento,DINACEA,síntesis de autoridad,verificado contra fuente,,,
DAT084,generadores,combustible,Frecuencia estimada de abastecimiento de combustible,2,2,,,=,veces/año,operación,,evaluación final 2024,vigente en expediente,DOC015,Informe-Final.pdf,6,2.4.3 Insumos,DINACEA,síntesis de autoridad,verificado contra fuente,,,
DAT085,generadores,combustible,Autonomía mínima de combustible por depósito integrado,24,24,,,=,h,emergencia,,DP octubre 2023,vigente en expediente,DOC002,DP-Teros-24102023.pdf,56,5.3 Generadores de emergencia,Eleanor Applications S.R.L.,dato declarado,verificado contra fuente,,,
DAT086,generadores,emisiones,Certificación de emisiones prevista,US EPA Tier 2,,,,=,certificación,operación,,evaluación final 2024,vigente en expediente,DOC015,Informe-Final.pdf,7,2.4.4 Emisiones a la atmósfera,DINACEA,síntesis de autoridad,verificado contra fuente,,,
DAT087,generadores,combustible,Combustible previsto,diésel de bajo contenido de azufre,,,,=,categórico,operación,,DP octubre 2023,vigente en expediente,DOC002,DP-Teros-24102023.pdf,51,Tabla 5-4 / emisiones,Eleanor Applications S.R.L.,dato declarado,verificado contra fuente,,,
DAT088,aire,concentración en emisión,NOx — generadores DC (EYD/MYD),946,946,,,=,mg/Nm3,operación normal / mantenimiento,,DP octubre 2023,vigente en expediente,DOC002,DP-Teros-24102023.pdf,51,Tabla 5-4,Eleanor Applications S.R.L.,dato declarado,verificado contra fuente,Valores corregidos a 15% O2 seco.,,
DAT089,aire,concentración en emisión,PM — generadores DC (EYD/MYD),12,12,,,=,mg/Nm3,operación normal / mantenimiento,,DP octubre 2023,vigente en expediente,DOC002,DP-Teros-24102023.pdf,51,Tabla 5-4,Eleanor Applications S.R.L.,dato declarado,verificado contra fuente,Valores corregidos a 15% O2 seco.,,
DAT090,aire,concentración en emisión,SO2 — generadores DC (EYD/MYD),"0,28",0.28,,,=,mg/Nm3,operación normal / mantenimiento,,DP octubre 2023,vigente en expediente,DOC002,DP-Teros-24102023.pdf,51,Tabla 5-4,Eleanor Applications S.R.L.,dato declarado,verificado contra fuente,Valores corregidos a 15% O2 seco.,,
DAT091,aire,concentración en emisión,NOx — generadores edificios auxiliares,777,777,,,=,mg/Nm3,operación normal / mantenimiento,,DP octubre 2023,vigente en expediente,DOC002,DP-Teros-24102023.pdf,51,Tabla 5-4,Eleanor Applications S.R.L.,dato declarado,verificado contra fuente,Valores corregidos a 15% O2 seco.,,
DAT092,aire,concentración en emisión,PM — generadores edificios auxiliares,22,22,,,=,mg/Nm3,operación normal / mantenimiento,,DP octubre 2023,vigente en expediente,DOC002,DP-Teros-24102023.pdf,51,Tabla 5-4,Eleanor Applications S.R.L.,dato declarado,verificado contra fuente,Valores corregidos a 15% O2 seco.,,
DAT093,aire,concentración en emisión,SO2 — generadores edificios auxiliares,"0,3",0.3,,,=,mg/Nm3,operación normal / mantenimiento,,DP octubre 2023,vigente en expediente,DOC002,DP-Teros-24102023.pdf,51,Tabla 5-4,Eleanor Applications S.R.L.,dato declarado,verificado contra fuente,Valores corregidos a 15% O2 seco.,,
DAT094,aire,norma,Límite NOx Decreto 135/021 usado en comparación,1.850,1850,,,=,mg/Nm3,operación normal / mantenimiento,,DP octubre 2023,vigente en expediente,DOC002,DP-Teros-24102023.pdf,51,Tabla 5-4,Eleanor Applications S.R.L.,dato declarado,verificado contra fuente,,,
DAT095,aire,norma,Límite PM Decreto 135/021 usado en comparación,50,50,,,=,mg/Nm3,operación normal / mantenimiento,,DP octubre 2023,vigente en expediente,DOC002,DP-Teros-24102023.pdf,51,Tabla 5-4,Eleanor Applications S.R.L.,dato declarado,verificado contra fuente,,,
DAT096,aire,norma,Límite SO2 Decreto 135/021 usado en comparación,600,600,,,=,mg/Nm3,operación normal / mantenimiento,,DP octubre 2023,vigente en expediente,DOC002,DP-Teros-24102023.pdf,51,Tabla 5-4,Eleanor Applications S.R.L.,dato declarado,verificado contra fuente,,,
DAT097,aire,modelación riesgo,Promedio anual de excedencia AEGL1 en zona más comprometida,"0,003",0.003,,,<,h/año,emergencia,,respuesta SIC enero 2024,vigente en expediente,DOC010,Respuestas-SIC-02-y-SIC-03.pdf,32,Análisis de riesgo NO2,Eleanor Applications S.R.L.,dato declarado,verificado contra fuente,"La respuesta traduce además a 0,18 min/año en promedio.",,
DAT098,aire,modelación riesgo,Probabilidad de excedencia AEGL1 reportada,"2,5E-5",0.000025,,,=,%,emergencia,,respuesta SIC enero 2024,vigente en expediente,DOC010,Respuestas-SIC-02-y-SIC-03.pdf,32,Análisis de riesgo NO2,Eleanor Applications S.R.L.,dato declarado,verificado contra fuente,,,
DAT099,aire,modelación,Concentración de fondo PM10 usada,"25,8",25.8,,,=,µg/m3,operación normal,,respuesta SIC enero 2024,vigente en expediente,DOC010,Respuestas-SIC-02-y-SIC-03.pdf,9,Resumen modelación operación normal,Eleanor Applications S.R.L.,dato declarado,verificado contra fuente,La respuesta indica que el fondo ya supera el estándar anual usado de 20 µg/m3.,,
DAT100,aire,modelación,Aporte máximo anual modelado de PM10 del proyecto,"0,0041",0.0041,,,=,µg/m3,operación normal,,respuesta SIC enero 2024,vigente en expediente,DOC010,Respuestas-SIC-02-y-SIC-03.pdf,9,Resumen modelación operación normal,Eleanor Applications S.R.L.,dato declarado,verificado contra fuente,,,
DAT101,aire,modelación,Aporte máximo anual PM10 como porcentaje del estándar,"0,03",0.03,,,=,%,operación normal,,respuesta SIC enero 2024,vigente en expediente,DOC010,Respuestas-SIC-02-y-SIC-03.pdf,9,Resumen modelación operación normal,Eleanor Applications S.R.L.,dato declarado,verificado contra fuente,,,
DAT102,ruido,fuente,NPS de emisión de chillers,104,104,,,=,dBA,operación,,DP octubre 2023,vigente en expediente,DOC002,DP-Teros-24102023.pdf,53,Tabla 3-1 Fuentes de emisión sonora,Eleanor Applications S.R.L.,dato declarado,verificado contra fuente,,,
DAT103,ruido,fuente,NPS de emisión de generadores (documentación inicial),92,92,,,=,dBA,operación,,DP octubre 2023,vigente en expediente,DOC002,DP-Teros-24102023.pdf,53,Tabla 3-1 Fuentes de emisión sonora,Eleanor Applications S.R.L.,dato declarado,verificado contra fuente,,La respuesta SIC posterior usa nuevo modelo KOHLER y presenta nueva caracterización acústica.,
DAT104,ruido,fuente,NPS de emisión de transformador,80,80,,,=,dBA,operación,,DP octubre 2023,vigente en expediente,DOC002,DP-Teros-24102023.pdf,53,Tabla 3-1 Fuentes de emisión sonora,Eleanor Applications S.R.L.,dato declarado,verificado contra fuente,,,
DAT105,ruido,fuente,NPS de emisión de banco de carga,98,98,,,=,dBA,operación,,DP octubre 2023,vigente en expediente,DOC002,DP-Teros-24102023.pdf,53,Tabla 3-1 Fuentes de emisión sonora,Eleanor Applications S.R.L.,dato declarado,verificado contra fuente,,,
DAT106,ruido,norma departamental,Objetivo/límite diurno usado por DINACEA,70,70,,,=,dBA,operación,receptores del entorno,evaluación final 2024,vigente en expediente,DOC015,Informe-Final.pdf,18,4.2.2 Ruido,DINACEA,criterio normativo,verificado contra fuente,,,
DAT107,ruido,norma departamental,Objetivo/límite nocturno usado por DINACEA,60,60,,,=,dBA,operación,receptores del entorno,evaluación final 2024,vigente en expediente,DOC015,Informe-Final.pdf,18,4.2.2 Ruido,DINACEA,criterio normativo,verificado contra fuente,,,
DAT108,ruido,modelación,"Máximo modelado en límite del predio, operación normal",60,60,,,=,dBA,operación normal,límite del predio,evaluación final 2024,vigente en expediente,DOC015,Informe-Final.pdf,18,4.2.2 Ruido,DINACEA,síntesis de autoridad,verificado contra fuente,,,"DINACEA señala tres receptores R13, R14 y R24 con valores de hasta 62 dBA."
DAT109,ruido,modelación,Máximo modelado en R13/R14/R24,62,62,,,=,dBA,operación normal nocturna,R13; R14; R24,evaluación final 2024,vigente en expediente,DOC015,Informe-Final.pdf,18,4.2.2 Ruido,DINACEA,síntesis de autoridad,verificado contra fuente,Supera en 2 dBA el objetivo nocturno de 60 dBA usado por DINACEA.,,
DAT110,ruido,modelación mantenimiento,Máximo general modelado durante mantenimiento,60,60,,,=,dBA,mantenimiento diurno,receptores evaluados,evaluación final 2024,vigente en expediente,DOC015,Informe-Final.pdf,19,4.2.2 Ruido,DINACEA,síntesis de autoridad,verificado contra fuente,,,R17 y R18 alcanzan hasta 65 dBA.
DAT111,ruido,modelación mantenimiento,Máximo modelado R17/R18 durante mantenimiento,65,65,,,=,dBA,mantenimiento diurno,R17; R18,evaluación final 2024,vigente en expediente,DOC015,Informe-Final.pdf,19,4.2.2 Ruido,DINACEA,síntesis de autoridad,verificado contra fuente,,,
DAT112,ruido,monitoreo,Campañas estacionales previstas durante primer año,4,4,,,=,campañas/año,primer año de operación,,evaluación final 2024,vigente en expediente,DOC015,Informe-Final.pdf,22,5.2 Lineamientos monitoreo,DINACEA,compromiso de monitoreo,verificado contra fuente,"Una medición en cada estación del año, con y sin mantenimiento de generadores.",,
DAT113,residuos,operación,Tasa anual — Residuos electro-electrónicos,33,33,,,=,t/año,operación,,evaluación final 2024,vigente en expediente,DOC015,Informe-Final.pdf,20,Tabla 6,DINACEA,síntesis de PGR por autoridad,verificado contra fuente,,Los valores de esta tabla difieren en varias corrientes respecto del DP/PGR inicial; conservar para análisis de cambios.,Tasa estimada; DINACEA indica que el PGR debe actualizarse para la AAO.
DAT114,residuos,operación,Tasa anual — Aceites usados,26,26,,,=,t/año,operación,,evaluación final 2024,vigente en expediente,DOC015,Informe-Final.pdf,20,Tabla 6,DINACEA,síntesis de PGR por autoridad,verificado contra fuente,,Los valores de esta tabla difieren en varias corrientes respecto del DP/PGR inicial; conservar para análisis de cambios.,Tasa estimada; DINACEA indica que el PGR debe actualizarse para la AAO.
DAT115,residuos,operación,Tasa anual — Filtros de aceite y petróleo,1,1,,,=,t/año,operación,,evaluación final 2024,vigente en expediente,DOC015,Informe-Final.pdf,20,Tabla 6,DINACEA,síntesis de PGR por autoridad,verificado contra fuente,,Los valores de esta tabla difieren en varias corrientes respecto del DP/PGR inicial; conservar para análisis de cambios.,Tasa estimada; DINACEA indica que el PGR debe actualizarse para la AAO.
DAT116,residuos,operación,Tasa anual — Paños/trapos contaminados con aceite,1,1,,,=,t/año,operación,,evaluación final 2024,vigente en expediente,DOC015,Informe-Final.pdf,20,Tabla 6,DINACEA,síntesis de PGR por autoridad,verificado contra fuente,,Los valores de esta tabla difieren en varias corrientes respecto del DP/PGR inicial; conservar para análisis de cambios.,Tasa estimada; DINACEA indica que el PGR debe actualizarse para la AAO.
DAT117,residuos,operación,Tasa anual — Envases de aceites y grasas,"1,5",1.5,,,=,t/año,operación,,evaluación final 2024,vigente en expediente,DOC015,Informe-Final.pdf,20,Tabla 6,DINACEA,síntesis de PGR por autoridad,verificado contra fuente,,Los valores de esta tabla difieren en varias corrientes respecto del DP/PGR inicial; conservar para análisis de cambios.,Tasa estimada; DINACEA indica que el PGR debe actualizarse para la AAO.
DAT118,residuos,operación,Tasa anual — Envases de pintura,1,1,,,=,t/año,operación,,evaluación final 2024,vigente en expediente,DOC015,Informe-Final.pdf,20,Tabla 6,DINACEA,síntesis de PGR por autoridad,verificado contra fuente,,Los valores de esta tabla difieren en varias corrientes respecto del DP/PGR inicial; conservar para análisis de cambios.,Tasa estimada; DINACEA indica que el PGR debe actualizarse para la AAO.
DAT119,residuos,operación,Tasa anual — Envases de productos químicos,22,22,,,=,t/año,operación,,evaluación final 2024,vigente en expediente,DOC015,Informe-Final.pdf,20,Tabla 6,DINACEA,síntesis de PGR por autoridad,verificado contra fuente,,Los valores de esta tabla difieren en varias corrientes respecto del DP/PGR inicial; conservar para análisis de cambios.,Tasa estimada; DINACEA indica que el PGR debe actualizarse para la AAO.
DAT120,residuos,operación,Tasa anual — Cartuchos de tinta o toner,"0,5",0.5,,,=,t/año,operación,,evaluación final 2024,vigente en expediente,DOC015,Informe-Final.pdf,20,Tabla 6,DINACEA,síntesis de PGR por autoridad,verificado contra fuente,,Los valores de esta tabla difieren en varias corrientes respecto del DP/PGR inicial; conservar para análisis de cambios.,Tasa estimada; DINACEA indica que el PGR debe actualizarse para la AAO.
DAT121,residuos,operación,Tasa anual — Tubos fluorescentes,1,1,,,=,t/año,operación,,evaluación final 2024,vigente en expediente,DOC015,Informe-Final.pdf,20,Tabla 6,DINACEA,síntesis de PGR por autoridad,verificado contra fuente,,Los valores de esta tabla difieren en varias corrientes respecto del DP/PGR inicial; conservar para análisis de cambios.,Tasa estimada; DINACEA indica que el PGR debe actualizarse para la AAO.
DAT122,residuos,operación,Tasa anual — Chatarra metálica,79,79,,,=,t/año,operación,,evaluación final 2024,vigente en expediente,DOC015,Informe-Final.pdf,20,Tabla 6,DINACEA,síntesis de PGR por autoridad,verificado contra fuente,,Los valores de esta tabla difieren en varias corrientes respecto del DP/PGR inicial; conservar para análisis de cambios.,Tasa estimada; DINACEA indica que el PGR debe actualizarse para la AAO.
DAT123,residuos,operación,Tasa anual — Plásticos,16,16,,,=,t/año,operación,,evaluación final 2024,vigente en expediente,DOC015,Informe-Final.pdf,20,Tabla 6,DINACEA,síntesis de PGR por autoridad,verificado contra fuente,,Los valores de esta tabla difieren en varias corrientes respecto del DP/PGR inicial; conservar para análisis de cambios.,Tasa estimada; DINACEA indica que el PGR debe actualizarse para la AAO.
DAT124,residuos,operación,Tasa anual — Papel y cartón limpio,126,126,,,=,t/año,operación,,evaluación final 2024,vigente en expediente,DOC015,Informe-Final.pdf,20,Tabla 6,DINACEA,síntesis de PGR por autoridad,verificado contra fuente,,Los valores de esta tabla difieren en varias corrientes respecto del DP/PGR inicial; conservar para análisis de cambios.,Tasa estimada; DINACEA indica que el PGR debe actualizarse para la AAO.
DAT125,residuos,operación,Tasa anual — Restos de madera,2,2,,,=,t/año,operación,,evaluación final 2024,vigente en expediente,DOC015,Informe-Final.pdf,20,Tabla 6,DINACEA,síntesis de PGR por autoridad,verificado contra fuente,,Los valores de esta tabla difieren en varias corrientes respecto del DP/PGR inicial; conservar para análisis de cambios.,Tasa estimada; DINACEA indica que el PGR debe actualizarse para la AAO.
DAT126,residuos,operación,Tasa anual — Filtros de aire,21,21,,,=,t/año,operación,,evaluación final 2024,vigente en expediente,DOC015,Informe-Final.pdf,20,Tabla 6,DINACEA,síntesis de PGR por autoridad,verificado contra fuente,,Los valores de esta tabla difieren en varias corrientes respecto del DP/PGR inicial; conservar para análisis de cambios.,Tasa estimada; DINACEA indica que el PGR debe actualizarse para la AAO.
DAT127,residuos,operación,Tasa anual — Asimilables a domésticos,110,110,,,=,t/año,operación,,evaluación final 2024,vigente en expediente,DOC015,Informe-Final.pdf,20,Tabla 6,DINACEA,síntesis de PGR por autoridad,verificado contra fuente,,Los valores de esta tabla difieren en varias corrientes respecto del DP/PGR inicial; conservar para análisis de cambios.,Tasa estimada; DINACEA indica que el PGR debe actualizarse para la AAO.
DAT128,residuos,almacenamiento,Tiempo máximo de almacenamiento de varias corrientes peligrosas,1,1,,,=,año,operación,,PGR octubre 2023,vigente en expediente,DOC005,Plan-de-Gestion-de-Residuos.pdf,21,Tabla 4-3,Eleanor Applications S.R.L.,criterio de gestión,verificado contra fuente,,,El OCR de la tabla muestra 'Máx. 1 año' para varias corrientes; verificar visualmente la fila concreta antes de citar una corriente individual.
DAT129,GEI,electricidad,Factor de emisión del SIN usado por DINACEA,60,60,,,=,tCO2-eq/GWh,operación,,evaluación final 2024,vigente en expediente,DOC015,Informe-Final.pdf,24,6.2.2 Emisiones de CO2,DINACEA,cálculo de autoridad,verificado contra fuente,Factor correspondiente al año 2022.,,
DAT130,GEI,electricidad,Emisiones anuales asociadas a electricidad,25.000,25000,,,=,tCO2-eq/año,operación máxima,,evaluación final 2024,vigente en expediente,DOC015,Informe-Final.pdf,24,6.2.2 Emisiones de CO2,DINACEA,cálculo de autoridad,verificado contra fuente,Calculado por DINACEA usando 420 GWh/año y 60 tCO2-eq/GWh.,,
DAT131,GEI,comparación nacional,Emisiones del sector energía Uruguay 2022 usadas como referencia,7.204,7204,,,=,Gg CO2-eq,referencia nacional,,evaluación final 2024,vigente en expediente,DOC015,Informe-Final.pdf,24,6.2.2 Emisiones de CO2,DINACEA,dato contextual de autoridad,verificado contra fuente,,,
DAT132,GEI,comparación nacional,Participación estimada del proyecto respecto del sector energía,"0,3",0.3,,,=,%,operación máxima,,evaluación final 2024,vigente en expediente,DOC015,Informe-Final.pdf,24,6.2.2 Emisiones de CO2,DINACEA,cálculo de autoridad,verificado contra fuente,,,
DAT133,clima,riesgo físico,Evaluación cuantitativa de sequía/ola de calor/inundación como riesgo operativo,no identificada,,,,=,,operación,,expediente completo,sin evaluación cuantificada,,EsIA-Teros-24102023.pdf; Informe-Final.pdf,53-95; 24,Revisión transversal,proponente / DINACEA,vacío de información,verificado contra fuente,,,"Se identifican pluviales, tormentas y contingencias, pero no se identificó una evaluación cuantitativa integrada de riesgo climático físico del data center."
DAT134,GEI,refrigerantes,Emisiones fugitivas de refrigerantes / Scope 1 equivalente,no cuantificadas,,,,=,,operación,,expediente completo,sin dato cuantificado,,DP-Teros-24102023.pdf; Informe-Final.pdf,47; 24,Revisión transversal,proponente / DINACEA,vacío de información,verificado contra fuente,,,"El expediente menciona refrigerantes, pero no se identificó carga, tipo, GWP ni tasa de fuga para estimar emisiones fugitivas."
DAT135,social,empleo operación,Personal estimado en etapa final,50,50,,,=,personas,operación,,evaluación final 2024,vigente en expediente,DOC015,Informe-Final.pdf,6,2.4.2 Personal,DINACEA,síntesis de autoridad,verificado contra fuente,,,
DAT136,social,empleo operación,Personal asociado directamente a operaciones,40,40,,,=,%,operación,,evaluación final 2024,vigente en expediente,DOC015,Informe-Final.pdf,6,2.4.2 Personal,DINACEA,síntesis de autoridad,verificado contra fuente,,,
DAT137,social,empleo construcción,Empleo promedio primera etapa constructiva,300-400,,300,400,rango,personas,construcción etapa 1,,evaluación final 2024,vigente en expediente,DOC015,Informe-Final.pdf,23,6.2.1 Generación de empleo,DINACEA,síntesis de autoridad,verificado contra fuente,,,
DAT138,social,empleo construcción,Pico de empleo primera etapa constructiva,~800,800,,,≈,personas,construcción etapa 1,,evaluación final 2024,vigente en expediente,DOC015,Informe-Final.pdf,23,6.2.1 Generación de empleo,DINACEA,síntesis de autoridad,verificado contra fuente,,,
DAT139,social,cronograma construcción,Duración de primera etapa constructiva,26,26,,,=,meses,construcción etapa 1,,evaluación final 2024,vigente en expediente,DOC015,Informe-Final.pdf,23,6.2.1 Generación de empleo,DINACEA,síntesis de autoridad,verificado contra fuente,,,
DAT140,tránsito,operación,Camiones inducidos por mes,~10,10,,,≈,camiones/mes,operación,,evaluación final 2024,vigente en expediente,DOC015,Informe-Final.pdf,8,2.4.4 Tránsito inducido,DINACEA,síntesis de autoridad,verificado contra fuente,,,
DAT141,tránsito,operación,Vehículos personales diarios estimados,28,28,,,=,vehículos/día,operación,,evaluación final 2024,vigente en expediente,DOC015,Informe-Final.pdf,8,2.4.4 Tránsito inducido,DINACEA,síntesis de autoridad,verificado contra fuente,,,
DAT142,participación,manifiesto,Apreciaciones recibidas durante puesta de manifiesto,421,421,,,=,apreciaciones,participación pública,,evaluación final 2024,vigente en expediente,DOC015,Informe-Final.pdf,23,6.2 Puesta de manifiesto,DINACEA,registro administrativo,verificado contra fuente,,,
DAT143,biodiversidad/suelo/patrimonio,significancia,Desplazamiento de especies por presencia física de la obra,Baja,,,,=,categoría,construcción,,EsIA octubre 2023,vigente en expediente,DOC003,EsIA-Teros-24102023.pdf,93,Tabla 6-1,Eleanor Applications S.R.L.,valoración de impacto,verificado contra fuente,El EsIA indica 'No se requieren' medidas específicas para estos impactos.,,La categoría corresponde a la valoración del proponente; no equivale a ausencia de impacto.
DAT144,biodiversidad/suelo/patrimonio,significancia,Pérdida de ecosistemas por presencia física de la obra,Baja,,,,=,categoría,construcción,,EsIA octubre 2023,vigente en expediente,DOC003,EsIA-Teros-24102023.pdf,93,Tabla 6-1,Eleanor Applications S.R.L.,valoración de impacto,verificado contra fuente,El EsIA indica 'No se requieren' medidas específicas para estos impactos.,,La categoría corresponde a la valoración del proponente; no equivale a ausencia de impacto.
DAT145,biodiversidad/suelo/patrimonio,significancia,Modificación de usos del suelo por presencia física de la obra,Baja,,,,=,categoría,construcción,,EsIA octubre 2023,vigente en expediente,DOC003,EsIA-Teros-24102023.pdf,93,Tabla 6-1,Eleanor Applications S.R.L.,valoración de impacto,verificado contra fuente,El EsIA indica 'No se requieren' medidas específicas para estos impactos.,,La categoría corresponde a la valoración del proponente; no equivale a ausencia de impacto.
DAT146,biodiversidad/suelo/patrimonio,significancia,Pérdida de patrimonio arqueológico por presencia física de la obra,Baja,,,,=,categoría,construcción,,EsIA octubre 2023,vigente en expediente,DOC003,EsIA-Teros-24102023.pdf,93,Tabla 6-1,Eleanor Applications S.R.L.,valoración de impacto,verificado contra fuente,El EsIA indica 'No se requieren' medidas específicas para estos impactos.,,La categoría corresponde a la valoración del proponente; no equivale a ausencia de impacto.
DAT147,hidrología,pluviales,Número de lagunas de amortiguación asociadas al sistema,2,2,,,=,lagunas,operación,,DP octubre 2023,vigente en expediente,DOC002,DP-Teros-24102023.pdf,22,3.2 Drenajes y lagunas de amortiguación,Eleanor Applications S.R.L.,dato declarado,verificado contra fuente,Una laguna descarga a la cañada Gasser y la otra a una alcantarilla existente.,,
DAT148,hidrología,aguas subterráneas,Extracción de agua subterránea para operación,no prevista / no identificada,,,,=,categórico,operación,,DP octubre 2023,vigente en expediente,DOC002,DP-Teros-24102023.pdf,21,3.2 Suministro de agua,Eleanor Applications S.R.L.,ausencia de fuente,verificado contra fuente,El DP declara que toda el agua utilizada es suministrada por la red de agua potable de PDLC.,,No equivale a una caracterización hidrogeológica del acuífero; indica la fuente de abastecimiento declarada.
