id_hallazgo,tema,tipo_hallazgo,subtipo,variable_asunto,situacion_inicial,valor_inicial,unidad,documento_inicial,pagina_inicial,seccion_inicial,situacion_posterior,valor_posterior,documento_posterior,pagina_posterior,seccion_posterior,intervencion_dinacea,documento_autoridad,pagina_autoridad,condicion_final,numeral_resolucion,pagina_resolucion,estado_final,materialidad,interpretacion_provisional,verificacion,caveat
CHG001,agua / refrigeración,cambio de diseño,tecnología de enfriamiento,Sistema principal de refrigeración,El expediente de viabilidad 2020 exigía evaluar la gestión de efluentes derivados del sistema de enfriamiento y su afectación al Río de la Plata.,sistema con efluentes de enfriamiento,categórico,Declaracion-Viabilidad-Ambiental-de-Localizacion-CCP-Eleanor-Applications-S.R.L..pdf,1,Condiciones del EsIA,La evaluación final registra que el proyecto modificó el sistema y empleará enfriamiento con aire en vez de agua.,chillers enfriados por aire,Informe-Final.pdf,24,6.2.5 Sobre el uso del agua,DINACEA reconoce expresamente que el proyecto modificó su sistema de refrigeración respecto de lo planteado inicialmente.,Informe-Final.pdf,24,El diseño autorizado incorpora la documentación final presentada y sus condiciones.,1.a,4,cambio incorporado al proyecto autorizado,alta,"Es un cambio material de tecnología con efectos sobre agua, efluentes y energía; no debe tratarse como una simple aclaración.",verificado contra documentos indicados,"El expediente disponible no contiene en la pieza de 2020 el volumen inicial de agua, por lo que no se cuantifica aquí la reducción."
CHG002,agua / refrigeración,cambio de impacto,uso de agua,Consumo elevado de agua para enfriamiento,DINACEA describe retrospectivamente que el proyecto inicial planteaba un elevado volumen de consumo de agua para enfriamiento.,"elevado, no cuantificado en fuente disponible",agua,Informe-Final.pdf,24,6.2.5 Sobre el uso del agua,"Con el cambio a enfriamiento por aire, DINACEA señala que se elimina ese elevado volumen; el consumo final declarado es 48,1 m3/d, principalmente para usos del personal y circuito cerrado.","48,1",Informe-Final.pdf,6; 24,2.4.3 Insumos; 6.2.5,"La autoridad acepta el cambio tecnológico y utiliza 48,1 m3/d como consumo de operación.",Informe-Final.pdf,6; 24,No se impone un WUE objetivo en la Resolución.,,,cambio resuelto; indicador de eficiencia hídrica no fijado,alta,"La reducción del consumo de agua es central en la evolución del proyecto, pero el expediente no ofrece una comparación cuantitativa completa antes/después.",verificado contra documentos indicados,"No convertir 48,1 m3/d en una cifra de ahorro: falta el consumo inicial cuantificado en las fuentes provistas."
CHG003,agua / eficiencia,vacío de información,indicador WUE,Water Usage Effectiveness (WUE),No se identifica WUE cuantificado en DP/EsIA.,no identificado,adimensional o L/kWh,DP-Teros-24102023.pdf,20; 47,Sistema de enfriamiento; insumos,Tampoco se identifica un WUE objetivo o medido en el Informe Final/Resolución.,no identificado,Informe-Final.pdf; Resolucion-Ministerial-644-2024.pdf,6; 5-6,Insumos; condiciones AAO,"DINACEA exige medición anual de PUE, pero no una métrica WUE equivalente.",Informe-Final.pdf,31,Sin condición WUE identificada.,,,vacío no resuelto,media,"Hay trazabilidad del consumo de agua, pero no un indicador normalizado de eficiencia hídrica del centro de datos.",verificado contra documentos indicados,"Ausencia documental, no prueba de que el operador no mida WUE internamente."
CHG004,refrigerantes / GEI,vacío de información,refrigerante,"Tipo, carga, GWP/PCA y fugas de refrigerante","El DP menciona refrigerantes para chillers y HVAC sin especificar compuesto, carga o tasa de fuga.",no cuantificado,kg / GWP / %,DP-Teros-24102023.pdf,47,5.1 Insumos químicos,"La respuesta SIC 03 indica uso de refrigerante de bajo PCA, sin cuantificar tipo, carga, PCA ni fugas.","bajo PCA, no cuantificado",Respuestas-SIC-02-y-SIC-03.pdf,108,Respuesta SIC 03 — Sistema de refrigeración,No se identifica exigencia específica de cuantificación de fugas de refrigerante en la decisión final.,Resolucion-Ministerial-644-2024.pdf,4-6,Sin condición específica identificada.,,,vacío no resuelto,alta,Impide cuantificar emisiones fugitivas de GEI equivalentes a Scope 1 asociadas al sistema de refrigeración.,verificado contra documentos indicados,"La expresión 'bajo PCA' no permite estimar emisiones sin compuesto, carga y tasa de fuga."
CHG005,suelo / catastro,cambio administrativo explicado,padrones,Identificación catastral del predio,La viabilidad 2020 refiere a los padrones 38.309 a 38.316.,38.309–38.316,padrones,Declaracion-Viabilidad-Ambiental-de-Localizacion-CCP-Eleanor-Applications-S.R.L..pdf,1,Ubicación,"El DP 2023 refiere a 47.763, 47.827, 47.828, 47.829, 47.830, 47.831 y 47.832; explica que 38.309–38.316 fueron unificados en 47.763.",47.763; 47.827–47.832,DP-Teros-24102023.pdf,7,1.5 Ubicación y accesos; 1.6 Antecedentes,El propio DP aporta la explicación catastral.,DP-Teros-24102023.pdf,7,La Resolución autoriza los padrones finales.,,,explicado,baja,Es una evolución documental que no debe presentarse como relocalización sin evidencia adicional.,verificado contra documentos indicados,El DP explica explícitamente la unificación del conjunto original en el padrón 47.763.
CHG006,suelo,diferencia numérica,superficie de predio,Superficie total,"El DP informa 32,5 ha.","32,5",ha,DP-Teros-24102023.pdf,7,1.5 Ubicación y accesos,"El Informe Final de DINACEA resume 32,2 ha.","32,2",Informe-Final.pdf,6,2.4.4 Presencia física,"No se identifica explicación de la diferencia de 0,3 ha en el Informe Final.",Informe-Final.pdf,6,La Resolución no fija una superficie numérica en las condiciones extraídas.,,,diferencia no explicada,media,Diferencia documental pequeña pero verificable; conviene mantener ambas cifras en vez de normalizarlas silenciosamente.,verificado contra documentos indicados,"Puede responder a criterio de cómputo o actualización catastral, pero las fuentes revisadas no lo explican."
CHG007,energía,diferencia de escenario,consumo anual,Consumo máximo anual de electricidad,Respuesta SIC 01: consumo máximo al desarrollo máximo menor a 560 GWh/año; acuerdo inicial UTE hasta 420 GWh/año.,<560 / hasta 420,GWh/año,Respuesta-a-SIC-01.pdf,1-2,Respuesta SIC 01,El Informe Final adopta 420 GWh/año como consumo anual del proyecto.,420,Informe-Final.pdf,8,2.4.4 Consumo energético,DINACEA no explica expresamente por qué 420 pasa de ser acuerdo inicial a cifra de consumo anual final.,Informe-Final.pdf,8,Sin condición específica de consumo máximo.,,,diferencia de escenario no reconciliada explícitamente,alta,"No es necesariamente una contradicción: las fuentes usan horizontes/escenarios distintos, pero el expediente final no explicita la reconciliación.",verificado contra documentos indicados,No comparar 48 MW con GWh/año sin factor de carga.
CHG008,energía / PUE,aclaración tras requerimiento,PUE,PUE usado para demostrar eficiencia,"La primera respuesta usa PUE corporativo promedio 2022 de 1,10.","1,10",PUE,Respuesta-a-SIC-01.pdf,1-2,Respuesta SIC 01,"Tras SIC 03 se presenta PUE previsto específicamente para Teros de aproximadamente 1,12–1,35.","1,12–1,35",Respuestas-SIC-02-y-SIC-03.pdf,108,Respuesta SIC 03,"DINACEA pidió información específica del proyecto, no el promedio corporativo.",Solicitud-de-Informacion-Complementaria-03.pdf,1,El PGAO debe incluir procedimientos para medición anual del PUE.,5.a.i,5,resuelto con seguimiento futuro,alta,"El 1,10 corporativo no es una línea base válida para afirmar el PUE futuro de Teros.",verificado contra documentos indicados,"El rango 1,12–1,35 es previsto, no medido."
CHG009,energía / PUE,brecha regulatoria,objetivo de desempeño,Meta/límite de PUE,"Se presenta un rango previsto de 1,12–1,35.","1,12–1,35",PUE,Respuestas-SIC-02-y-SIC-03.pdf,108,Respuesta SIC 03,"La Resolución exige procedimientos para medir PUE anual, pero no fija un máximo o meta vinculante.",medición anual sin límite,Resolucion-Ministerial-644-2024.pdf,5,5.a.i,"DINACEA transforma el indicador en obligación de monitoreo, no en estándar de desempeño.",Informe-Final.pdf,31,Medición anual de PUE.,5.a.i,5,seguimiento exigido; meta no fijada,media,"Existe compromiso de medición, pero no un umbral explícito de cumplimiento en la resolución.",verificado contra documentos indicados,"No inferir que 1,35 sea un límite regulatorio."
CHG010,generadores,cambio de diseño,modelo de generador,Modelo de generadores de emergencia,La documentación inicial evaluó un modelo de generador posteriormente sustituido.,modelo original no retenido en esta matriz,modelo,DP-Teros-24102023.pdf,51-59,Emisiones / operación de emergencia,"Por problemas de cadena de suministro se selecciona KOHLER KD3500, con chimeneas de 12,2 m.","KOHLER KD3500; 12,2 m",Respuestas-SIC-02-y-SIC-03.pdf,2; 9,Introducción; Modificaciones al proyecto,El cambio obliga a rehacer análisis de calidad de aire y ruido.,Respuestas-SIC-02-y-SIC-03.pdf,2; 9,Toda variación futura requiere análisis y autorización previa.,1.h,5,cambio incorporado; verificación de equipo final pendiente para AAO,alta,"Cambio técnico material que altera factores de emisión y ruido aunque número, ubicación y potencia se declaran sin cambios.",verificado contra documentos indicados,El nombre del modelo original no se usa aquí porque no quedó verificado en esta pasada como dato autónomo.
CHG011,generadores / aire,evidencia pendiente,fichas técnicas,Fichas técnicas que respaldan emisiones,SIC 01 solicita fichas una vez seleccionados los motores; la respuesta difiere su entrega.,pendiente,documentación,Solicitud-de-Informacion-Complementaria-01.pdf,1,Solicitud 2,"Al cierre técnico, DINACEA indica que las fichas de los generadores a instalar no fueron presentadas, aunque el IAR contiene caracterización esperada.",no presentadas al cierre,Informe-Final.pdf,28-29,7.3 Calidad de la emisión,DINACEA condiciona la AAO a ratificar que las emisiones efectivas sean iguales o menores que las evaluadas y a demostrar Tier 2.,Informe-Final.pdf,27-29,Presentar fichas técnicas de los generadores instalados.,5.b,6,pendiente para AAO,alta,La autorización previa se otorga sin cerrar definitivamente la correspondencia entre modelo instalado y emisiones modeladas.,verificado contra documentos indicados,"DINACEA considera que la caracterización permite una verificación inicial, pero exige ratificación posterior."
CHG012,generadores,cambio operativo,horas de mantenimiento,Tiempo de operación de generadores por mantenimiento,"DP: un generador por vez durante un total de 6 horas/año cada uno, en horario diurno.",6,h/año por generador,DP-Teros-24102023.pdf,54,5.2 Operación normal — mantenimiento,Informe Final: operación mensual alternada de 45 min para generadores de 2.750 kW y 30 min para 1.000 kW.,45 min/mes (9 h/año) / 30 min/mes (6 h/año),Informe-Final.pdf,7; 19,2.4.4 Emisiones; 4.2.2 Ruido,DINACEA usa el régimen actualizado para la evaluación final.,Informe-Final.pdf,7; 19,"PGAO debe definir procedimientos, acciones y frecuencia para combustión/mantenimiento.",5.a.iv,6,actualizado,alta,"Para los generadores de 2.750 kW, el supuesto final equivale a 9 h/año, superior a las 6 h/año del DP inicial.",verificado contra documentos indicados,La equivalencia anual de 45 min/mes se calcula aritméticamente; la fuente expresa la frecuencia mensual.
CHG013,aire / ruido,recalculo por cambio,modelaciones,Validez de modelaciones originales tras cambio de generador,DP/EsIA contenían modelaciones de aire y ruido del modelo original.,evaluación original,categórico,DP-Teros-24102023.pdf; EsIA-Teros-24102023.pdf,51-59; anexos,Aire y ruido,La respuesta SIC declara que las emisiones de escape y ruido son diferentes y presenta nuevas evaluaciones.,nueva evaluación,Respuestas-SIC-02-y-SIC-03.pdf,9,Modificaciones al proyecto,"DINACEA evalúa las nuevas modelaciones, pero mantiene pendiente validar equipos efectivamente instalados.",Informe-Final.pdf,27-29,Fichas técnicas finales en AAO.,5.b,6,recalculado con verificación final pendiente,alta,La modelación original no debe utilizarse como representación final sin identificar la versión de generador.,verificado contra documentos indicados,
CHG014,aire,cambio de alcance por autoridad,receptores,Parque de las Ciencias como receptor de calidad de aire,La respuesta SIC 02 defendió excluir PDLC del análisis de calidad de aire por interpretación del concepto de aire ambiente.,excluido,receptor,Respuestas-SIC-02-y-SIC-03.pdf,3,Respuesta 1.a,"Tras reiteración SIC 04, se incluyen receptores dentro de PDLC pero fuera del predio de Eleanor Applications.",incluido,Respuesta-SIC-04-V2.pdf,1,Respuesta SIC 04,DINACEA rechazó la justificación y reiteró explícitamente el requerimiento.,Solicitud-de-informacion-complementaria-04-e-IAR.pdf,1,La evaluación final usa la modelación ampliada.,,,resuelto tras reiteración,alta,El alcance espacial de la evaluación de exposición se amplió por intervención de la autoridad.,verificado contra documentos indicados,
CHG015,aire / riesgo,corrección metodológica,cortes breves,Eventos de corte eléctrico menores a 10 minutos,El análisis de riesgo original no los incluía.,<10 min excluidos,duración,Solicitud-de-Informacion-Complementaria-02.pdf,1-2,Solicitud 1.d,La respuesta revisada incorpora los eventos de apagón menores a 10 minutos.,<10 min incluidos,Respuestas-SIC-02-y-SIC-03.pdf,5,Respuesta 1.d,DINACEA solicitó justificar la exclusión e incluir/revisar esos eventos.,Solicitud-de-Informacion-Complementaria-02.pdf,1-2,El Plan de Emergencia queda para AAO.,5.c,6,corregido,media,La distribución de fallas usada para el riesgo cambió tras la SIC.,verificado contra documentos indicados,
CHG016,clima / energía / aire,vacío metodológico no resuelto,evento extremo,Corte de suministro de 65 horas asociado a ciclón subtropical,DINACEA pidió revisar la exclusión de un apagón de 65 h por tratarse de evento climático extremo.,65,h,Solicitud-de-Informacion-Complementaria-02.pdf,1-2,Solicitud 1.d,El proponente mantiene el evento excluido por considerarlo no representativo y difícil de modelar con un único evento.,65 h sigue excluido,Respuestas-SIC-02-y-SIC-03.pdf,5,Respuesta 1.d,No se identifica reiteración específica de DINACEA para reincorporar las 65 h; la gestión se desplaza al Plan de Emergencia.,Informe-Final.pdf,28; 32-33,Plan de Emergencia ante corte de suministro.,5.c,6,exclusión metodológica persiste; contingencia gestionada por plan,alta,Es un vacío relevante para resiliencia climática: un evento climático real queda fuera de la distribución probabilística usada.,verificado contra documentos indicados,No implica que DINACEA haya aceptado conceptualmente que el evento sea irrelevante; simplemente no lo reitera como dato de modelación.
CHG017,aire / salud,criterio de autoridad modificado,umbral NO2,Umbral para activar desconexión/acciones de emergencia,"El proponente propone activar protocolo de desconexión al superar AEGL1, ~940 µg/m3, con alerta/preparación desde 260 µg/m3.",940 (desconexión); 260 (alerta),µg/m3 NO2,Respuestas-SIC-02-y-SIC-03.pdf,6,Respuesta 1.f,DINACEA rechaza AEGL1 como valor de corte por no ser precautorio y exige acciones a partir de 260 µg/m3.,260,Informe-Final.pdf,28,7.2 Calidad de aire / Plan de Emergencia,La autoridad modifica materialmente el criterio operativo de la respuesta.,Informe-Final.pdf,28,Acciones hacia la comunidad en caso de superar 260 µg/m3 de NO2.,5.c,6,criterio del proponente no aceptado; condición final más precautoria,alta,Es una de las correcciones regulatorias más claras del expediente.,verificado contra documentos indicados,La Resolución exige acciones comunitarias; el detalle del protocolo de desconexión debe completarse en AAO.
CHG018,aire / monitoreo,insuficiencia metodológica,estaciones de monitoreo,Cantidad y ubicación de estaciones automáticas de calidad de aire,El proponente plantea estaciones compactas perimetrales sin justificación suficiente de cantidad/localización.,no definido,estaciones,Respuestas-SIC-02-y-SIC-03.pdf,6,Respuesta 1.f,DINACEA considera insuficiente la justificación y señala que la localización aparentemente elegida podría no ser óptima.,a definir en AAO,Informe-Final.pdf,28,7.2 Calidad de aire,Exige justificar ubicación y metodología en el Plan de Emergencia/monitoreo.,Informe-Final.pdf,28; 32,Plan de monitoreo con ubicación de estaciones y metodologías.,5.c,6,pendiente para AAO,alta,El sistema de monitoreo que sustenta decisiones de emergencia no quedó cerrado en la AAP.,verificado contra documentos indicados,
CHG019,aire,corrección metodológica,período de integración anual,Uso de promedios anuales en escenarios de mantenimiento/emergencia,"La respuesta modela, entre otros resultados, PM10 anual y señala que el fondo de 25,8 µg/m3 ya supera el estándar anual de 20 µg/m3; aporte máximo del proyecto 0,0041 µg/m3.","25,8 fondo; 20 estándar; 0,0041 aporte",µg/m3,Respuestas-SIC-02-y-SIC-03.pdf,9,Análisis operación normal,"DINACEA señala que no corresponde evaluar el funcionamiento acotado de motores para período de integración anual, por tratarse de pocas horas/año o contingencia.",criterio anual no aplicable al escenario,Informe-Final.pdf,28,7.2 Calidad de aire,La autoridad corrige el enfoque metodológico sin objetar las principales conclusiones de la evaluación.,Informe-Final.pdf,27-28,Sin condición autónoma.,,,corrección metodológica,media,"El hecho de que el fondo supere el estándar anual sigue siendo un dato de línea de base, pero no valida usar ese período para atribuir impacto de generadores intermitentes.",verificado contra documentos indicados,
CHG020,calidad documental,inconsistencia editorial,nombre de proyecto,Referencia a 'Proyecto Radar' dentro de respuesta de Teros,El expediente y la respuesta corresponden al Proyecto Teros.,Teros,nombre,Respuestas-SIC-02-y-SIC-03.pdf,2,Portada/identificación,En el resumen de PM10 aparece la frase 'el Proyecto Radar no contribuye significativamente...'.,Radar,Respuestas-SIC-02-y-SIC-03.pdf,9,Análisis calidad de aire operación normal,No se identifica observación de DINACEA sobre el nombre erróneo.,Informe-Final.pdf,27-28,Sin condición.,,,probable error de edición/copia,baja,"No prueba por sí solo que la modelación sea de otro proyecto, pero es una señal de control de calidad documental que conviene auditar.",verificado contra documentos indicados,Debe verificarse el contexto/anexos antes de atribuir un problema metodológico más amplio.
CHG021,ruido,ampliación de evaluación,bajas frecuencias,Contenido de baja frecuencia,"DINACEA detecta que la evaluación inicial debía complementarse para analizar molestias por bajas frecuencias, especialmente de noche.",no evaluado suficientemente,63/125 Hz,Solicitud-de-Informacion-Complementaria-02.pdf,2,Solicitud 2,La respuesta modela 63 y 125 Hz y aplica penalización de 6 dBA al superar LCeq-LAeq 15 dB.,penalización +6 dBA,Respuestas-SIC-02-y-SIC-03.pdf,7-8,Respuesta 2,DINACEA incorpora el análisis y exige verificación operativa.,Informe-Final.pdf,18; 26,Monitoreo NPS por módulo; posible mitigación.,1.d; 5.a.iii; 5.d,4; 6,evaluación ampliada + seguimiento,alta,La baja frecuencia no era un detalle menor: cambia la evaluación de molestia acústica.,verificado contra documentos indicados,
CHG022,ruido,desacuerdo metodológico,línea de base MR1,Valor nocturno característico de línea de base en MR1,El proponente usa 67 dBA como línea de base nocturna de MR1.,67,dBA,Respuestas-SIC-02-y-SIC-03.pdf,8,Respuesta 2,"DINACEA considera que 67 dBA no es precautorio y que 57 dBA sería más acorde, dado que las mediciones variaron entre 57 y 67 dBA.",57 propuesto por DINACEA,Informe-Final.pdf,26,7.1 Evaluación de ruido,DINACEA exige monitoreo exhaustivo y deja abierta la necesidad de mitigación.,Informe-Final.pdf,26; 33,Resultados dentro de 45 días por módulo y medidas si corresponde.,1.d,4,no reconciliado antes de operación; se traslada a monitoreo,alta,La elección de línea de base influye directamente en si el aporte del proyecto aparece o no como perceptible/significativo.,verificado contra documentos indicados,
CHG023,ruido,debilidad metodológica,cobertura de línea de base,Uso de línea de base en receptores,La línea de base se incorpora explícitamente solo para MR1 y MR2.,2 receptores,receptores,Informe-Final.pdf,26,7.1 Evaluación de ruido,DINACEA señala que la falta de línea de base se repite en la mayoría de los receptores evaluados.,mayoría sin línea de base,Informe-Final.pdf,26,7.1 Evaluación de ruido,Considera que potencialmente más receptores podrían superar el objetivo y requerir mitigación.,Informe-Final.pdf,26,"Monitoreo en R12, R13, R14, R15, R24, R25 y MR1, entre otros lineamientos.",1.d; 5.a.iii; 5.d,4; 6,pendiente de verificación operacional,alta,La conclusión de baja significancia acústica queda condicionada por una línea de base que la propia autoridad considera poco robusta.,verificado contra documentos indicados,
CHG024,ruido,narrativa vs acción,significancia / mitigación,Conclusión del proponente frente a acciones exigidas,"La respuesta afirma que en MR1/MR2 el ambiente sigue dominado por el ruido existente y que el incremento es, salvo MR2 nocturno, imperceptible o menor a 1 dBA.","<1 dBA salvo 2,1 dBA en MR2 nocturno",dBA,Respuestas-SIC-02-y-SIC-03.pdf,8,Respuesta 2,"DINACEA identifica potencial necesidad de mitigación en R12, R13, R14, R15, R24, R25 y MR1 y exige monitoreo exhaustivo.",7 receptores con posible mitigación,Informe-Final.pdf,26,7.1 Evaluación de ruido,La autoridad no acepta que la modelación baste para descartar mitigación.,Informe-Final.pdf,26; 33,Monitoreo y proyecto ejecutivo/cronograma de mitigación si corresponde.,1.d,4,conclusión condicionada,alta,"No es una contradicción formal, pero sí una brecha clara entre la narrativa de impacto bajo y las salvaguardas regulatorias finalmente exigidas.",verificado contra documentos indicados,
CHG025,tránsito,alternativa rechazada,Camino Gonchi Rodríguez,Acceso de obra por camino Gonzalo 'Gonchi' Rodríguez,"El DP considera un acceso alternativo potencial por Camino Gonzalo Rodríguez, sujeto a confirmación y aprobaciones.",alternativa potencial,acceso,DP-Teros-24102023.pdf,7,1.5 Ubicación y accesos,DINACEA concluye que podría provocar impacto negativo significativo y no autoriza su uso durante construcción.,prohibido en construcción,Informe-Final.pdf,30,7.5 Posible acceso,La autoridad indica además que EsIA/PGAC no presentan mitigaciones suficientes para ese escenario.,Informe-Final.pdf,30,No acceder ni utilizar el camino Gonchi Rodríguez durante construcción.,1.e,4,alternativa descartada por decisión,alta,Es una modificación material del esquema de acceso respecto de una alternativa que el proponente mantenía abierta.,verificado contra documentos indicados,
CHG026,efluentes,sobreestimación reconocida,efluente doméstico,Caudal máximo doméstico,El proyecto adopta aproximadamente 48 m3/d y demuestra capacidad de la PTE de PDLC para recibirlo.,48,m3/d,Respuestas-SIC-02-y-SIC-03.pdf,9; Anexo I,Respuesta SIC 02 — efluentes,"DINACEA considera que 48 m3/d está sobrestimado para la cantidad prevista de empleados, pero lo acepta por existir capacidad de tratamiento.","48, considerado sobrestimado",Informe-Final.pdf,30,7.6 Emisiones líquidas,La autoridad no exige reducir la cifra de diseño.,Informe-Final.pdf,30,"Nota de aceptación de gestor para efluentes industriales, no domésticos.",5.a.vi,6,cerrado con caveat,media,"El dato final es conservador para capacidad de tratamiento, pero no debe interpretarse como consumo doméstico esperado real sin matiz.",verificado contra documentos indicados,
CHG027,residuos,diferencia numérica,estimación de generación,Tasa anual — Aceites usados,Estimación de generación en DP/PGR inicial.,"2,5",t/año,DP-Teros-24102023.pdf,49,Tabla 5-3 Identificación de residuos,El Informe Final presenta una tasa distinta y atribuye la tabla al PGRSI.,26,Informe-Final.pdf,20,Tabla 6 Caracterización de residuos,"DINACEA exige actualizar el PGRSI para AAO, con atención particular a RAEE.",Informe-Final.pdf,29; 31,Versión actualizada del PGR en PGAO.,5.a.ii,6,diferencia documental; actualización futura requerida,alta,La diferencia es verificable entre el DP y la tabla final; no se encontró en el expediente disponible una explicación fila por fila del cambio.,verificado contra documentos indicados,La tabla del Informe Final indica como fuente el PGRSI; por ello conviene verificar si existió una versión intermedia/actualizada no distinguida como archivo autónomo.
CHG028,residuos,diferencia numérica,estimación de generación,Tasa anual — Filtros de aceite y petróleo,Estimación de generación en DP/PGR inicial.,"0,5",t/año,DP-Teros-24102023.pdf,49,Tabla 5-3 Identificación de residuos,El Informe Final presenta una tasa distinta y atribuye la tabla al PGRSI.,1,Informe-Final.pdf,20,Tabla 6 Caracterización de residuos,"DINACEA exige actualizar el PGRSI para AAO, con atención particular a RAEE.",Informe-Final.pdf,29; 31,Versión actualizada del PGR en PGAO.,5.a.ii,6,diferencia documental; actualización futura requerida,media,La diferencia es verificable entre el DP y la tabla final; no se encontró en el expediente disponible una explicación fila por fila del cambio.,verificado contra documentos indicados,La tabla del Informe Final indica como fuente el PGRSI; por ello conviene verificar si existió una versión intermedia/actualizada no distinguida como archivo autónomo.
CHG029,residuos,diferencia numérica,estimación de generación,Tasa anual — Envases de aceites y grasas,Estimación de generación en DP/PGR inicial.,"0,5",t/año,DP-Teros-24102023.pdf,49,Tabla 5-3 Identificación de residuos,El Informe Final presenta una tasa distinta y atribuye la tabla al PGRSI.,"1,5",Informe-Final.pdf,20,Tabla 6 Caracterización de residuos,"DINACEA exige actualizar el PGRSI para AAO, con atención particular a RAEE.",Informe-Final.pdf,29; 31,Versión actualizada del PGR en PGAO.,5.a.ii,6,diferencia documental; actualización futura requerida,media,La diferencia es verificable entre el DP y la tabla final; no se encontró en el expediente disponible una explicación fila por fila del cambio.,verificado contra documentos indicados,La tabla del Informe Final indica como fuente el PGRSI; por ello conviene verificar si existió una versión intermedia/actualizada no distinguida como archivo autónomo.
CHG030,residuos,diferencia numérica,estimación de generación,Tasa anual — Envases de pintura,Estimación de generación en DP/PGR inicial.,Eventual,t/año,DP-Teros-24102023.pdf,49,Tabla 5-3 Identificación de residuos,El Informe Final presenta una tasa distinta y atribuye la tabla al PGRSI.,1,Informe-Final.pdf,20,Tabla 6 Caracterización de residuos,"DINACEA exige actualizar el PGRSI para AAO, con atención particular a RAEE.",Informe-Final.pdf,29; 31,Versión actualizada del PGR en PGAO.,5.a.ii,6,diferencia documental; actualización futura requerida,media,La diferencia es verificable entre el DP y la tabla final; no se encontró en el expediente disponible una explicación fila por fila del cambio.,verificado contra documentos indicados,La tabla del Informe Final indica como fuente el PGRSI; por ello conviene verificar si existió una versión intermedia/actualizada no distinguida como archivo autónomo.
CHG031,residuos,diferencia numérica,estimación de generación,Tasa anual — Envases de productos químicos,Estimación de generación en DP/PGR inicial.,"0,5",t/año,DP-Teros-24102023.pdf,49,Tabla 5-3 Identificación de residuos,El Informe Final presenta una tasa distinta y atribuye la tabla al PGRSI.,22,Informe-Final.pdf,20,Tabla 6 Caracterización de residuos,"DINACEA exige actualizar el PGRSI para AAO, con atención particular a RAEE.",Informe-Final.pdf,29; 31,Versión actualizada del PGR en PGAO.,5.a.ii,6,diferencia documental; actualización futura requerida,alta,La diferencia es verificable entre el DP y la tabla final; no se encontró en el expediente disponible una explicación fila por fila del cambio.,verificado contra documentos indicados,La tabla del Informe Final indica como fuente el PGRSI; por ello conviene verificar si existió una versión intermedia/actualizada no distinguida como archivo autónomo.
CHG032,residuos,diferencia numérica,estimación de generación,Tasa anual — Cartuchos de tinta o toner,Estimación de generación en DP/PGR inicial.,Eventual,t/año,DP-Teros-24102023.pdf,49,Tabla 5-3 Identificación de residuos,El Informe Final presenta una tasa distinta y atribuye la tabla al PGRSI.,"0,5",Informe-Final.pdf,20,Tabla 6 Caracterización de residuos,"DINACEA exige actualizar el PGRSI para AAO, con atención particular a RAEE.",Informe-Final.pdf,29; 31,Versión actualizada del PGR en PGAO.,5.a.ii,6,diferencia documental; actualización futura requerida,media,La diferencia es verificable entre el DP y la tabla final; no se encontró en el expediente disponible una explicación fila por fila del cambio.,verificado contra documentos indicados,La tabla del Informe Final indica como fuente el PGRSI; por ello conviene verificar si existió una versión intermedia/actualizada no distinguida como archivo autónomo.
CHG033,residuos,diferencia numérica,estimación de generación,Tasa anual — Chatarra metálica,Estimación de generación en DP/PGR inicial.,30,t/año,DP-Teros-24102023.pdf,49,Tabla 5-3 Identificación de residuos,El Informe Final presenta una tasa distinta y atribuye la tabla al PGRSI.,79,Informe-Final.pdf,20,Tabla 6 Caracterización de residuos,"DINACEA exige actualizar el PGRSI para AAO, con atención particular a RAEE.",Informe-Final.pdf,29; 31,Versión actualizada del PGR en PGAO.,5.a.ii,6,diferencia documental; actualización futura requerida,media,La diferencia es verificable entre el DP y la tabla final; no se encontró en el expediente disponible una explicación fila por fila del cambio.,verificado contra documentos indicados,La tabla del Informe Final indica como fuente el PGRSI; por ello conviene verificar si existió una versión intermedia/actualizada no distinguida como archivo autónomo.
CHG034,residuos,diferencia numérica,estimación de generación,Tasa anual — Plásticos,Estimación de generación en DP/PGR inicial.,10,t/año,DP-Teros-24102023.pdf,49,Tabla 5-3 Identificación de residuos,El Informe Final presenta una tasa distinta y atribuye la tabla al PGRSI.,16,Informe-Final.pdf,20,Tabla 6 Caracterización de residuos,"DINACEA exige actualizar el PGRSI para AAO, con atención particular a RAEE.",Informe-Final.pdf,29; 31,Versión actualizada del PGR en PGAO.,5.a.ii,6,diferencia documental; actualización futura requerida,media,La diferencia es verificable entre el DP y la tabla final; no se encontró en el expediente disponible una explicación fila por fila del cambio.,verificado contra documentos indicados,La tabla del Informe Final indica como fuente el PGRSI; por ello conviene verificar si existió una versión intermedia/actualizada no distinguida como archivo autónomo.
CHG035,residuos,diferencia numérica,estimación de generación,Tasa anual — Papel y cartón limpio,Estimación de generación en DP/PGR inicial.,42,t/año,DP-Teros-24102023.pdf,50,Tabla 5-3 Identificación de residuos,El Informe Final presenta una tasa distinta y atribuye la tabla al PGRSI.,126,Informe-Final.pdf,20,Tabla 6 Caracterización de residuos,"DINACEA exige actualizar el PGRSI para AAO, con atención particular a RAEE.",Informe-Final.pdf,29; 31,Versión actualizada del PGR en PGAO.,5.a.ii,6,diferencia documental; actualización futura requerida,alta,La diferencia es verificable entre el DP y la tabla final; no se encontró en el expediente disponible una explicación fila por fila del cambio.,verificado contra documentos indicados,La tabla del Informe Final indica como fuente el PGRSI; por ello conviene verificar si existió una versión intermedia/actualizada no distinguida como archivo autónomo.
CHG036,residuos,diferencia numérica,estimación de generación,Tasa anual — Restos de madera,Estimación de generación en DP/PGR inicial.,5,t/año,DP-Teros-24102023.pdf,50,Tabla 5-3 Identificación de residuos,El Informe Final presenta una tasa distinta y atribuye la tabla al PGRSI.,2,Informe-Final.pdf,20,Tabla 6 Caracterización de residuos,"DINACEA exige actualizar el PGRSI para AAO, con atención particular a RAEE.",Informe-Final.pdf,29; 31,Versión actualizada del PGR en PGAO.,5.a.ii,6,diferencia documental; actualización futura requerida,media,La diferencia es verificable entre el DP y la tabla final; no se encontró en el expediente disponible una explicación fila por fila del cambio.,verificado contra documentos indicados,La tabla del Informe Final indica como fuente el PGRSI; por ello conviene verificar si existió una versión intermedia/actualizada no distinguida como archivo autónomo.
CHG037,residuos,diferencia numérica,estimación de generación,Tasa anual — Filtros de aire,Estimación de generación en DP/PGR inicial.,5,t/año,DP-Teros-24102023.pdf,50,Tabla 5-3 Identificación de residuos,El Informe Final presenta una tasa distinta y atribuye la tabla al PGRSI.,21,Informe-Final.pdf,20,Tabla 6 Caracterización de residuos,"DINACEA exige actualizar el PGRSI para AAO, con atención particular a RAEE.",Informe-Final.pdf,29; 31,Versión actualizada del PGR en PGAO.,5.a.ii,6,diferencia documental; actualización futura requerida,media,La diferencia es verificable entre el DP y la tabla final; no se encontró en el expediente disponible una explicación fila por fila del cambio.,verificado contra documentos indicados,La tabla del Informe Final indica como fuente el PGRSI; por ello conviene verificar si existió una versión intermedia/actualizada no distinguida como archivo autónomo.
CHG038,residuos,diferencia numérica,estimación de generación,Tasa anual — Asimilables a domésticos,Estimación de generación en DP/PGR inicial.,40,t/año,DP-Teros-24102023.pdf,50,Tabla 5-3 Identificación de residuos,El Informe Final presenta una tasa distinta y atribuye la tabla al PGRSI.,110,Informe-Final.pdf,20,Tabla 6 Caracterización de residuos,"DINACEA exige actualizar el PGRSI para AAO, con atención particular a RAEE.",Informe-Final.pdf,29; 31,Versión actualizada del PGR en PGAO.,5.a.ii,6,diferencia documental; actualización futura requerida,alta,La diferencia es verificable entre el DP y la tabla final; no se encontró en el expediente disponible una explicación fila por fila del cambio.,verificado contra documentos indicados,La tabla del Informe Final indica como fuente el PGRSI; por ello conviene verificar si existió una versión intermedia/actualizada no distinguida como archivo autónomo.
CHG039,residuos,inconsistencia de procedencia,PGRSI,Correspondencia entre PGR autónomo y Tabla 6 del Informe Final,"El PGR/DP de octubre 2023 contiene tasas iniciales, por ejemplo 2,5 t/año de aceites, 0,5 de envases químicos, 30 de chatarra y 42 de papel/cartón.","2,5; 0,5; 30; 42",t/año,DP-Teros-24102023.pdf,49-50,Tabla 5-3,"La Tabla 6 del Informe Final, rotulada 'Fuente: Plan de Gestión de Residuos Sólidos Industriales', muestra 26; 22; 79; 126 t/año para esas mismas corrientes.",26; 22; 79; 126,Informe-Final.pdf,20,Tabla 6,DINACEA además exige una actualización del PGRSI para la AAO.,Informe-Final.pdf,29; 31,Versión actualizada del PGR.,5.a.ii,6,procedencia/versionado no completamente trazable,alta,El problema no es solo que las cifras cambien: la tabla final atribuye los nuevos valores al PGRSI sin identificar claramente en esta colección una versión autónoma que explique la actualización.,verificado contra documentos indicados,"Antes de publicar como 'error', verificar si existió una versión intermedia del PGR dentro de un anexo o presentación no separada."
CHG040,residuos / RAEE,cuantificación insuficiente,RAEE,Estimación de residuos electro-electrónicos,DP/PGR e Informe Final mantienen una estimación de 33 t/año de RAEE.,33,t/año,DP-Teros-24102023.pdf,49,Tabla 5-3,DINACEA considera necesario mejorar la cuantificación para contemplar recambio de servidores y eventual abandono.,33 no considerado suficiente como cierre,Informe-Final.pdf,29,7.4 Gestión de residuos sólidos,La autoridad exige mejor cuantificación y nota de aceptación del gestor.,Informe-Final.pdf,29,PGR actualizado en AAO.,5.a.ii,6,pendiente para AAO,alta,"Aunque la cifra no cambia entre tablas, la autoridad indica que no captura adecuadamente escenarios clave del ciclo de vida.",verificado contra documentos indicados,
CHG041,GEI,impacto incorporado tardíamente,electricidad / CO2,Cuantificación de GEI por consumo eléctrico,DINACEA reconoce que este aspecto no había sido considerado previamente.,no considerado previamente,GEI,Informe-Final.pdf,23,6.2.2 Emisiones de CO2,"Tras inquietudes de la puesta de manifiesto, DINACEA estima 25.000 tCO2-eq/año usando 420 GWh/año y factor 60 tCO2-eq/GWh (2022).",25.000,Informe-Final.pdf,24,6.2.2 Emisiones de CO2,"El análisis se incorpora durante la evaluación final, no como parte original del EsIA.",Informe-Final.pdf,23-24,No se identifica condición específica de reducción de GEI.,,,impacto evaluado tardíamente; sin meta de mitigación,alta,"La dimensión climática cuantitativa aparece después de la participación pública, no desde el diseño inicial de la evaluación.",verificado contra documentos indicados,La cifra corresponde a emisiones asociadas a electricidad de red con factor 2022; no es un inventario completo de ciclo de vida.
CHG042,GEI,brecha de alcance,Scopes equivalentes,Cobertura de fuentes de GEI,El expediente cuantifica principalmente CO2 asociado a electricidad de red.,25.000,tCO2-eq/año,Informe-Final.pdf,24,6.2.2 Emisiones de CO2,DINACEA califica las emisiones de motores de emergencia como insignificantes por baja utilización; no se identifican emisiones fugitivas cuantificadas de refrigerantes ni un Scope 3 equivalente.,parcial,Informe-Final.pdf; DP-Teros-24102023.pdf,24; 47,6.2.2; Insumos químicos,No se identifica exigencia de inventario GEI integral en la Resolución.,Resolucion-Ministerial-644-2024.pdf,4-6,Sin condición GEI específica.,,,brecha no resuelta,alta,La evaluación climática cuantitativa no equivale a un inventario completo de emisiones operativas y de cadena de valor.,verificado contra documentos indicados,No asignar formalmente Scopes 1/2/3 como si fueran categorías usadas por el EsIA; aquí se usa la equivalencia analítica.
CHG043,clima / resiliencia,brecha metodológica,riesgo físico,"Evaluación integrada de calor, sequía, inundación y eventos extremos","El expediente describe pluviales, tormentas y contingencias y contiene un apagón real de 65 h por ciclón subtropical.",eventos tratados de forma fragmentaria,riesgo físico,DP-Teros-24102023.pdf; Respuestas-SIC-02-y-SIC-03.pdf,22; 55-58; 5,Pluviales/contingencias; Respuesta 1.d,No se identificó una evaluación cuantitativa integrada de riesgo climático físico para la operación del data center.,no identificada,Informe-Final.pdf,24; 28,Clima/aire/emergencia,"La autoridad gestiona parte del riesgo mediante Plan de Emergencia y condiciones operativas, no mediante un estudio climático integrado.",Informe-Final.pdf,28; 32-33,Plan de Emergencia ante corte de suministro.,5.c,6,brecha parcialmente gestionada,alta,"El cambio a enfriamiento por aire reduce exposición hídrica, pero el expediente no cuantifica sistemáticamente sensibilidad a calor extremo, sequía o cambio climático.",verificado contra documentos indicados,"Conclusión basada en ausencia de una evaluación integrada identificada en las fuentes revisadas, no en ausencia absoluta de toda mención climática."
CHG044,gestión ambiental,fortalecimiento regulatorio,PGAC,Nivel de detalle del Plan de Gestión Ambiental de Construcción,"El proponente presenta PGAC con procedimientos de residuos, efluentes, ruido, polvo, derrames, incendios y otros.",PGAC presentado,plan,Plan-de-Gestion-Ambiental-de-Construccion.pdf,1-50,PGAC,"DINACEA acepta el enfoque general pero exige versión actualizada antes de obra, profundizando residuos de obra/tierras, tránsito, efluentes y relacionamiento comunitario, con responsabilidades, registros e indicadores.",actualización obligatoria,Informe-Final.pdf,31,7.8 Gestión ambiental en construcción,DINACEA convierte la actualización en condición previa al inicio de construcción.,Informe-Final.pdf,31-32,PGA-C actualizado y aprobado antes de construir.,1.c,4,pendiente previo a obra,alta,La existencia del PGAC original no equivalió a aprobación definitiva para construcción.,verificado contra documentos indicados,
CHG045,social / comunidad,requisito añadido,relacionamiento comunitario,Programa de relacionamiento comunitario,El expediente incluye estudio de percepción y talleres de acercamiento con la comunidad.,acciones previas,gestión social,Informe-Final.pdf,30,7.7 Percepción social,DINACEA exige formalizar un plan/programa de relacionamiento comunitario tanto para construcción como para operación.,programa formal exigido,Informe-Final.pdf,30-32,7.7-7.9,La obligación se incorpora a PGA-C/PGAO.,Informe-Final.pdf,31-32,Programa de relacionamiento comunitario en PGA-C/PGAO.,1.c; 5.a.v,4; 6,pendiente de instrumentación,media,La evaluación pasa de actividades de comunicación a una obligación programática con gestión de consultas/reclamos.,verificado contra documentos indicados,
CHG046,evaluación ambiental,narrativa vs condiciones,impactos residuales,Conclusión general de aceptabilidad,"DINACEA concluye que, con las condiciones sugeridas, no son esperables impactos residuales inadmisibles.",aceptable con condiciones,significancia,Informe-Final.pdf,32,8 Conclusiones y recomendaciones,"La autorización final incorpora múltiples condiciones: actualización PGA-C, monitoreo/mitigación acústica, fichas de generadores, plan de emergencia, PGR actualizado, PUE anual, comunidad y efluentes.",condiciones múltiples,Resolucion-Ministerial-644-2024.pdf,4-6,Numerales 1 y 5,La aceptabilidad se formula expresamente condicionada a la aplicación de medidas y verificaciones futuras.,Informe-Final.pdf,32-33,Condiciones 1-6 de la resolución.,1-6,4-6,aceptación condicionada,alta,"No debe citarse 'sin impactos inadmisibles' como conclusión incondicional: depende de medidas, monitoreo y cierres posteriores en AAO.",verificado contra documentos indicados,No es una contradicción; es una condición lógica de la conclusión de DINACEA.
